Sport_Name,Cluster,PC1,PC2,PC3,PC4,PC5,PC6,PC7,PC8,PC9,PC10
Football,2,0.23079708406133143,0.6935402892134721,0.3811003541023346,0.9415909767577846,-0.4082222145362464,-0.3859508351752117,0.35493315015674287,1.165220900819699,-0.7833228600120743,1.802426424113401
Swim Team,2,-1.4669159532632636,-0.4159724979615708,-0.8233263791216162,-1.084029676677822,-0.4872367512035394,-0.43463651332960435,0.4807491881674937,-0.6385131898485649,0.15288693770959566,0.6942558659881723
Basketball,2,-1.4692287619478108,-1.4989569000961687,-1.2669788389301437,-0.8966581990594249,-0.21021171453391313,1.1740205631649896,0.09658344556114375,0.3247885195718785,0.19841514052762044,0.14079711112234206
Basketball,1,-2.8525782879895933,-0.23029329940965604,0.4974922188140659,-0.6171782944662508,0.5853052613999283,1.0226184384712105,-3.0330814338140892,-2.0187180327124854,-0.26690646912601973,0.39958774794547014
Soccer,2,1.1192384266765925,0.31551914122857044,1.131058873413327,0.6727716033431503,-1.3582000207521256,-1.393520835564059,0.09301294574663381,2.012129122765997,-1.0645895972875095,1.9171543720736766
Football,2,0.2052161452777397,0.02505142279673723,1.3438464971979887,-0.278086417073971,0.5252360246014366,0.3658213599710937,-0.6280705689503606,-0.07886529976619107,-0.027291844432952884,0.00458727418896513
Soccer,1,-4.852839692075012,-0.11350160515242526,-0.39291486560318883,-0.13308692890735396,-0.6604055621608195,0.2674861443927747,-1.0502194144664196,-0.19080267084571592,-0.187953199729539,-0.689120449695872
Tennis,1,-6.609859654832967,2.1327137379946532,0.7278549824771209,1.382591817040152,0.08052686861548775,1.537666854732766,0.8316545854200111,0.43647972942207147,-0.3802132026227789,-0.28601738461595744
Soccer,2,-1.4339333723068386,0.3754622968644618,1.594532115763338,0.1460141894819545,1.04365392439231,-0.04638437655866585,0.5207067564009557,-0.7983637591578902,-0.6175832281696427,0.07978065418109105
Soccer,2,1.1091671997359205,-1.9080843534301017,-0.4233565355158451,-1.4750344883800401,0.5502272435470286,-0.44969086169500894,-1.1254255493984224,-1.3001104068955833,-0.8262161037869152,-0.6208451932565073
Basketball,1,-2.750620017736818,-0.5975821229419797,0.44819537241828167,0.16936071198785074,0.5870098553281494,-1.1423521842226292,0.2963757585815753,-0.1809337151121813,-0.4462231634917233,-0.8970346259640154
Football,0,4.622150208582174,1.2599222599189501,0.15679838760234124,1.8716360906086875,-1.36971436117768,0.09386984196745149,0.0924489158875715,-1.7010990864078424,0.48094875349710847,-1.164891972306696
Tennis,1,-4.334880727670229,0.5528509772097852,-0.4142432669633853,-0.39198279758755095,0.15949584310262596,-1.3290119523441144,1.8125298464729027,-0.5153168189503204,0.20969136175396838,-0.393952169442933
,1,-1.91843028424328,0.9501619851543788,2.176848047133597,0.3265902661651107,0.9489524232442773,-0.31840682310567864,1.0681549723648693,-0.6682838539734203,-0.5644818747070827,-0.8670493803229967
Track,0,1.109302948639334,1.1768896761863368,2.0483071304680287,1.4017477345897573,-1.8477400602978762,0.8633328974422435,-0.0016990474437035411,0.05110862405406057,-0.6059617306527999,0.07151929377839236
Rowing,2,-0.9858542610790996,-2.119300919524019,-2.3235804607598602,0.8685167091669865,-0.48358632659101125,0.9962076580329094,0.9031680439136142,1.341330880947725,-0.2660235522064036,-0.08285522474807526
,1,-3.9185635157704044,-1.2807045370766814,-0.18512866941932662,-0.5874353381066577,-1.3969730545021868,1.0328105151932745,-1.3702486729844867,-0.5475529955836953,-0.3030682128075102,0.10038337687519092
,2,-0.006107411042319244,1.1564768190381312,-0.5656163435777793,4.477386129054479,-0.05844537700263653,-0.47729344494537207,0.06411652182813236,-0.6197660578953312,-0.5734240059706492,0.65924070608548
Baseball,2,-1.735436341372416,-0.5569076633782919,-0.15954824163870931,0.7572870772637583,1.7717052825174884,0.20861743839961336,0.24948385498718476,1.551521444877516,1.2927128052876407,-0.1542985909934906
Soccer,2,-1.0775488840614844,-1.9307775584886469,1.0961152409043204,0.43776084113841224,-0.10396226598863773,-1.051493014476845,0.03243396347302674,0.13934975603882513,0.17613029954218334,0.02065239861536079
Soccer,2,0.558791295047621,-0.65799207274924,-1.0603387464890748,-1.1577405694825775,2.2520960535636214,1.8404838005608861,-0.4733933048952833,0.41586610081672176,-0.12779923145402397,-0.976898688451166
Track,2,1.5951366024380884,-1.232559689400035,3.215261791532087,0.9372586937768151,1.058764638690936,-1.1616257884501542,2.463467755484941,0.7271925052685773,-0.2072982490689725,-0.30491717399032825
,2,-0.5619929207674025,-3.1596475070249848,0.28130212226681084,-0.1751559801656385,0.4278437620052914,1.4002513330829882,-1.3831108949254967,-1.2652851830825598,-0.11845699896212666,0.612976686345008
Bowling,0,4.601941793220741,-0.8692503003836672,-0.16213802487024256,-1.6830903028330142,-0.47319643660074007,1.4615132608592911,-1.3300140908283773,0.31769655775544414,-1.2684856206120931,0.2863946306835908
Soccer,2,-2.828287576304989,-2.0863862320971283,-1.3957567591187132,0.4673173593568557,0.2724094123089767,-0.15226452574967683,-0.5270614364051175,1.7832056939897996,0.8541535593001726,-0.4531457110271133
,2,0.3654406301953549,-0.901815984718355,-2.934484708460355,0.5821815148755533,2.3758829217342297,-0.6440572564935333,-0.7004263271402511,3.8751165219660724,1.4521417700635713,2.35479932039471
Track and Field,1,-6.2221865769128275,1.711239193335954,1.5833856185614505,0.6859548897847884,-0.2342202142649856,-0.8501401005540028,0.03404517235136251,0.2644903131398961,0.47759801521853473,-0.39493134909559297
,2,1.8540414006355344,-0.9829706187429557,1.6317168454602875,-0.12818291608122573,1.1148715569977101,1.1287735931802394,0.14942677910839025,0.6536119019956415,0.33434970890764704,-1.0107457264694382
,2,-0.4318964797201526,-1.0210378875505963,0.37696963718132787,-0.650581260876534,-0.10361287015793029,0.014091445227905355,1.4449110711711897,0.7165371799264356,-0.4909372624098536,-0.7575296892996697
Swimming,2,-0.7577538525944453,-2.0204125980164895,-0.6803732354824602,-0.7507281133835345,-0.6318290489486814,0.1870121627445888,0.019078357932846013,0.21043847553570205,-1.386284514517055,-1.1413911121893676
,2,0.4814079607245733,0.15097393345693685,-0.48586182633024755,2.7008908927088786,-2.073134794656412,-0.9552283751494379,0.2924629513457059,-1.0942670744679217,-0.36773606892666244,0.12054283923051859
Soccer,0,3.373519570691787,-0.7668712119217507,-0.37678295637341325,-0.37686442295186523,-1.57879971014862,0.5418548287854805,-0.6850076747674917,0.4517365472591715,-1.6819409895322153,0.5334636748880011
Football,1,-4.048619154786892,1.452717279116615,0.11320759734745817,-0.39935478236527333,1.3257412834764948,0.11887663157543633,-1.1004140187746603,-0.6626515671872772,-0.1524165867506193,-0.4411617429754001
Swimming,0,3.2532877940575635,1.4584134248938994,0.49630462896205996,-1.7213514152799259,-0.4680715979147253,0.24702686046485892,0.6524448196193569,-1.1619101310589564,0.47897413882125606,0.4305760450240401
Swimming,2,2.1436001054777694,-1.8033383317512186,-0.2656088396539745,-0.9662127121418663,0.6970572069543461,0.7826972050040644,-0.7439532872615097,1.5566451078074635,1.2289559117978337,1.908877586240662
,2,-1.1122645843593184,-1.4659298718629517,0.384680600130383,0.20261895893736276,0.20362847699054593,1.2600061908937252,-0.7330391337695713,-0.018867304200757745,1.686320563207794,-0.6020873326428897
Tennis,1,-4.2547655572578815,0.8977976611720199,2.81932995105865,1.5121581652927323,0.5203978350607666,0.2165114795030701,1.6652514189004983,-0.018213637246480906,0.5533019580744922,-0.22828627309748978
,0,4.881800753147619,-0.7184548467749146,0.8331227341623981,-1.3083239623083185,1.0620627357118184,0.16622420794026613,-0.8646605805320927,-0.47219294614500473,-0.6176481512266098,-0.831033234254044
,0,2.704486165139475,-0.8465661229287264,1.483903585133067,0.046571557495656675,0.1857393829444965,0.3702055505890886,1.5344770989622887,0.23516030572549015,-0.3050535056975833,-2.259968417205752
,2,-0.8324314798065965,-1.3974805277931701,0.49557275724304334,0.11096771553060832,-1.0099531676178342,0.25903469035747295,0.9903137418528377,1.666795231723848,0.7652875509043738,0.3210466696340506
Basketball,1,-4.512940086390116,1.1003638621173362,-0.6555325824639048,-0.4955434196276362,0.6539150675036111,-1.1640366277658007,1.3136715748418437,-0.7376502239293341,-0.8237634709310281,0.7246472963066811
,2,0.9186163604190534,1.4318629841328052,-1.1013007784018092,-1.8950538472127003,0.11605998068241033,-0.8983276874045975,0.6255912653525054,-0.39928991302372135,0.6010919196398068,1.6125940774571743
Baseball,2,0.6962785235992882,1.130003476764549,1.1854533687002535,-0.7336223434241619,1.322892602367747,-1.3282466164536346,0.2556498234590492,-0.09843395305928336,-0.9740281312493756,-0.6695929059577235
,0,3.330208424770902,0.1414607734467157,0.4099454581538869,-0.8209925233744327,-2.1135115474975907,-0.529515482145103,-0.3799005981487485,0.04370136781216738,1.1351168901664712,-0.8281892184883483
Soccer,2,-0.35636457274391375,-1.4001871202587661,-0.5813898200578211,2.373502799098324,0.4771297880098742,-0.9026614706525506,0.5197221993450606,-0.7873255960349346,0.32126076389235375,-1.6625999326518157
,0,1.7102738993419828,-0.6995342333116087,2.7390489025863936,-0.47060599262641223,-1.6241666427863006,0.5752383473463185,-0.9959319588269198,-1.4512177341920653,0.548223389121182,-1.222871055197232
,2,0.2224534161809786,1.7759443143915536,-1.462846100119233,-0.043665419841391565,2.1304792163154054,0.47038817328714,-1.6554900429367325,2.0681646637466997,0.008592401049061156,2.0282813423875363
,0,1.9863993615036044,1.020981914171795,-0.0199362262845248,-1.4069844125773894,0.4115905426964424,-0.5877360091170971,-0.6891789186076046,-0.3721388741581767,-0.7476600575113612,-0.5585258951741513
Competitive cheer,1,-2.210998821544823,-0.35970320553562035,-0.33413495981912306,2.781114425629828,0.8879568409439144,-0.6603441160957626,0.17615225784894992,0.5364590065980259,-1.3349632925881822,-0.49191727546145597
Basketball,1,-4.014770964816678,0.5982227644915483,-2.0839841686226275,4.242470141569882,-0.02271063096292913,0.6208240745572062,-0.05312683182672259,-1.086928318634312,-0.37460005467306906,0.6490685254024108
Soccer,2,2.442945266550606,-2.085924906485217,-0.8816452760365824,-0.685395033549087,-0.17790043870959815,2.006030138689805,0.18556385388568541,0.3162474714512404,0.31004007419201507,-1.6457122243652413
,1,-1.243982453717049,1.1796821100075532,0.6906865268295612,-1.0149337798570008,0.5226230460467352,0.2113739053365983,-1.8833272223105721,-0.6714588512600979,-0.5748074412152838,0.596647862715653
,2,-0.9507842894329364,-3.5533830091786216,-0.1885940588382325,0.6473420620539289,0.833597328870767,-0.4730466851894133,0.7884409097233117,-0.10000507183420101,0.19180456216414918,0.08082516435871194
,0,3.45125800362025,0.782600367592809,2.9557841056159404,-0.7678445764017372,0.732150526509877,0.4665137773377069,0.20172123202729442,1.6075629943871683,-1.533318762444537,-0.5686025800970134
Basketball,2,-1.0414037800944882,-0.8122548738530663,3.936385920352893,1.3593953046675709,0.45249797502164285,0.8415106332858477,-1.0886410433102196,-0.09870296810639037,1.1237131302391423,0.9369067100765395
,2,0.46114523307069627,0.16322173797367157,-0.6902921818476464,-1.321666952757571,1.588653057401715,-1.1681784231702181,-0.856365211612186,0.2962401894378982,-1.7341121684919074,0.9228558125613545
Golf,1,-5.751830139554468,2.1973342617539258,-0.14868693786661408,-0.4410551820026271,1.9525328614069908,0.6868847318971814,-0.8425552195750134,-0.18360597959145905,-0.26371162713493235,0.8873353876200751
Soccer,2,-0.6337122014101146,-0.39961710993057553,0.43483574998018626,0.08076544275448504,0.7787260489847406,-0.057526978862113685,0.5879404349799352,-0.5563341709491186,0.037983327657371696,0.46475193342533233
Fencing,2,1.666334298984136,0.340787247743768,-1.0687355271722323,-0.01863221352085435,1.0191476487403475,-1.4388442309539753,1.59983034989039,0.8299503764033421,3.4413108310748237,-0.5993208119745106
,0,4.411482198850869,-1.1960378905590296,-0.0888360767555612,-1.9974432209951984,-2.011857204253782,0.25784706444719996,-1.530818341401485,0.6195388463468713,-0.2954984982210316,0.5471187566325967
Basketball,0,7.434070426936207,1.5947912929728587,0.7611148544772989,0.9909759722978395,-1.1586065364747002,-1.3820229101629606,-0.2849386539107121,-0.21861866030279864,3.181641444351245,-0.27941322649432376
,0,3.177341062197276,0.514145536432382,-2.3849023565884506,1.7243908983383867,-1.813774693865652,-0.2588512931445167,0.22858608313128517,-0.9183076319280522,-0.20501397074803296,-0.9179376917905581
,0,6.674593954941569,-1.3846245517201017,0.863021578363731,-0.8756464467825096,-0.7211783048120497,-1.0638310811994058,-0.7421336205992374,-0.25718061673384424,0.5883770780475465,0.7106163820440276
Gymnast,0,0.9916907470291,2.101620220266584,2.02862023536077,-0.4594383369074356,-2.09308675284365,-2.843642373320286,0.27427137198769475,0.9944390885387074,-0.7205112136125287,-0.6423333120451079
Football,0,1.524725354775198,5.590094552679634,-0.6988933468276718,1.54214295989535,1.5412440184070764,-0.2593846777764229,0.6948525610706395,1.102444095969291,0.4284562658568942,0.7782876917729623
Soccer,2,0.37869871879924993,-2.4388967414794482,-0.1262235642624493,0.09083370701013943,-0.4665131498935116,-1.4121187808525846,-0.3028270542418778,0.23000017331789785,-0.035394175739829954,0.6839382431209935
,1,-2.9384888205763104,-0.17655040239125552,0.4837475882736319,0.2979986701190318,0.6957325478119126,-0.48180207718650786,0.5778256816915613,-0.14471044714975,0.36027246570119575,0.16684616042314507
Basketball,1,-2.7480238045302694,2.342929459886676,-0.09373665542759786,-0.49988014626590616,0.03861609068782139,0.4400274995056971,-1.8242308276328607,2.297557352529092,-0.05551514833781535,-1.506052013602866
Field Hockey,2,-0.21245445138275798,-0.15489305705095066,-0.48030969300949067,-1.061546758162324,0.22139700298218712,-0.014130548687793504,0.18007568814117228,-1.7878918469521952,-0.6842530053086857,0.5325884290062051
,2,-0.4029342351389296,-2.2268087064502606,0.2811006070072798,0.3067338067672584,0.5946084621247404,-1.0003468473047576,-0.2828409036373144,0.35599788077714756,-0.2507631007720242,1.136564556024146
Soccer,2,0.7687920153808994,1.4107531993505769,-0.7342106762114424,-1.8294952514805534,2.7560391627136345,-0.006652386224185131,0.4088084113346695,-0.17925050871892287,1.0225237862248115,0.730168162458701
,1,-2.232874920462941,1.9818630994381188,-0.3683472435922128,-1.5930090259281202,2.4109042966884524,-0.2512922724495177,-2.4021421282371285,0.2572228246766682,0.05880593238389424,-1.1553794907880246
,0,4.9330477372047215,0.2681119201831106,-0.20047951578951928,-0.14626157970156592,-0.056845370336873126,-0.9515520609028615,0.24812403238540584,-1.2659347540676862,-1.4499037672921955,-1.624108004940542
Track,1,-2.3113946676108923,0.25611536983856514,-0.05123392347203292,1.1246917817298072,0.5840518269444863,0.3524779279461487,0.6564382789378604,-0.2057160360749198,-0.5523542249205554,1.7880261896383687
Football,0,3.526148206268556,1.4095518292928086,-0.6554680553434292,2.292401935058805,-0.03062081626916412,0.003591750495277267,0.21199133699143363,-0.42774706877823515,-0.9990331928303745,-1.83597112217902
Volleyball,0,3.6829740983552206,-2.7129437983391598,-0.014500147602179235,2.804546791769629,1.985984795292341,-0.49179843813531354,1.8138616003622436,0.38646118163319354,-2.0626596990932446,-0.4524071459033083
,2,1.2308367958543025,0.29520711454799475,0.1763691579907011,-1.0458456495666417,0.5713354815133659,0.36389381635820645,-0.3178339448415484,-1.3376300428882582,0.7512455318951434,-1.6720795529145211
,1,-5.079948501672894,-1.4294856637266153,-1.1742326985931588,0.15047953622091076,-0.538661121588429,0.579574467434905,1.1467700590253018,-0.0361073326531112,0.10958518089185335,-0.6972461312573487
Sideline cheer,0,2.7104163559946706,-1.0838782350703267,0.29967866609504135,-0.7751715168333867,1.599782274931382,1.2448490538065016,-0.40251203729752466,1.7606280493216484,0.5285313455776888,0.5976777631430669
,2,-0.9274518136620281,-0.8754860643284642,2.884525079488742,0.5258078745101714,0.3333935302416963,0.7673444870781791,-0.395123243979567,-0.6425137166173773,-0.534187431026351,0.9129087794860765
Bowling,0,3.831153813078029,-3.043340531068342,1.1896252623637071,-0.7227986164674699,0.5261081359199772,-1.1353282316420703,-0.37432132861742085,0.013271669746957815,-1.8094517731051598,-1.4804415054607545
Football,2,-0.5221636609885006,1.2439091489443224,1.6608018641388405,-0.3392847842476542,-0.967053520380878,2.220633431618775,-0.779592972148451,-1.4620224847649914,0.5757470442545194,0.9962299048942166
Volleyball,2,-0.21936189510416823,-0.5748373954317498,-3.441660994615961,1.4702460456259392,0.8621221641382227,-0.44533597952375925,-0.3590258717604573,-1.0964770797812458,0.10729684401887477,-3.423122201531159
,2,0.3419944751121167,-1.3397135752338791,-0.7480066382550615,-0.783868279159008,-0.7193720644911278,0.8780181038111811,0.7036911611480902,0.16267924491753352,0.7915617002049127,-1.803834081121746
,2,0.01923777292790524,1.1397544724352593,-1.8656655416555419,-1.8282816160849782,0.8939632276829802,-0.023109334559654037,0.3258306570263428,-0.2898122516097567,0.4398439762617892,0.4705479620406685
,2,-0.19135352465737107,-1.1181132381458465,1.8206767370545527,0.3052815808066604,-0.0939246944995698,1.5104177331934614,-0.01112853460798336,-0.6449944373450653,0.4604136025474594,-0.18405951268488577
Track,2,-0.1044563268218289,1.608108055978659,-0.4166223436410295,3.4851069420377216,-1.9195688964677287,-0.21397164180781772,-0.4557655047405992,1.4378540287209465,-1.2810393989378144,0.38259539537540865
,0,4.0806329991821935,1.527131349235516,-2.819452434454044,2.8971129832446874,2.207429983576667,-1.2739912173613424,-0.9527662448535219,4.046562244852069,-1.0569628765777788,-1.1864346548756346
Soccer,2,0.16442110998372128,0.7567447260544814,0.7987866548785226,-0.42603381800101486,1.3429744399578525,-1.7588773371792403,-1.8575242584227187,0.44482586898827436,-0.07958913990306603,-1.280263563336507
Competitive Dance,2,1.6855696421859967,-1.42491399792249,-2.240964240249861,1.5990703477128594,-0.2704795643192498,-1.2328698628953725,-0.45808719978914736,-1.8201782319797901,-0.3688181201136267,0.7013241745873727
Soccer,0,2.3411897059344478,-0.5531205644045425,-1.8257017867765664,2.240134167365134,2.0965964791191474,1.4473499003262678,-3.5077082440107135,-0.6871824252691114,1.135007243622658,-1.9011422192787024
,0,4.217987731214771,0.48168968684959895,-1.1689753059608563,-1.70986701793218,2.8640522421530443,1.5618683457432994,0.13820879186352675,1.7142446623306102,3.140126160803677,-1.1540924149902683
Baseball,2,0.5752926220157786,-1.746564817045099,0.8905582867305791,-0.009381893902827183,0.8461075730155109,-1.1642505781757488,1.302050128086799,-0.38669609259313537,-1.4594390018461465,0.8003276662169401
Footbal,2,-0.1093316634390588,0.20633987094803719,-0.021575285669402908,0.5638858104112223,1.190498761534503,1.5741239146202954,-0.4329325022682911,-0.9022165763658975,-1.0418243423245053,1.737608207306747
Swimming,2,0.6607751782402859,-1.2074931959725952,-1.954419796268069,-1.2367829525209868,-2.1868804515010707,-0.13277185837114877,-0.28691626384304647,0.5018169214829536,1.4408728791020184,0.17467985240237496
,2,-2.642870909063149,-1.6048338949930891,-0.29831018417600824,1.4887979908991849,-0.5359284762260761,2.520892171845277,1.170323400617138,0.28221689987698456,-0.34235402815759935,0.4006350321897257
,2,0.8716225223229701,0.06865912991413364,-1.5572620708167348,1.249900442281446,-1.5356182127344025,-3.5241715881085933,-2.359562001410739,0.5870976091440561,2.3272909207035988,-0.9250048460882528
,1,-1.633872015840252,2.495550069019307,1.118601096753417,-1.470395371022092,-1.205599719117711,0.8895570560044972,0.14331123244028796,-0.9201583222252261,-0.6788246698508951,-0.4320476895585561
Tennis,1,-3.368540413525035,0.953969899263648,0.16800246982702322,-0.7208976282558571,-0.6324668758037688,0.10709706373239454,0.18852969500272293,-0.29237074469613583,-0.8225528887390273,-0.6332865637615152
Soccer,0,4.318867388966717,-0.4368129833898124,-1.606513838100185,1.3248549299617882,0.6917687471458498,-0.4131924632289917,-1.8550433882537838,-2.5252570774802336,1.0639207419343095,-0.5249751717725922
Track,1,-2.8435079995779837,1.7111464501482905,1.1764912443349917,-1.0106199945796106,1.22221712580094,-1.018716854721758,-1.5737462512217357,-0.571308630620967,-0.913029746553609,0.24523919064195313
Ice Hockey,2,1.4701741834501147,-2.096909996908239,0.3596718149062153,-0.5073332769481802,-0.6153358209332347,-1.3990418636220519,0.40012189123165787,-0.7468911856006366,-0.48592989210013937,1.9832351289871206
,2,-0.44889997380099433,-0.24904587127567757,-0.45718820813808225,-1.545663552417068,2.3658979410767973,-1.9819368656776684,-0.8998815009739541,0.44211973154882667,-1.4296758158179947,0.9665293653548702
Tennis,0,8.585430357410154,1.572440294399987,0.362133927059452,-2.5807822510534013,1.4806392121777765,0.9235703068330925,-0.24196903684658083,0.25552007532632287,2.6373629686797613,2.3863465360822937
Basketball,2,-1.3129801568437387,-1.6878913608367037,-0.22324810179157414,0.4142050098779054,-0.8866378833683658,1.0579292710033026,1.009927211129622,1.0310945265886866,0.7299486343401665,0.4274255572273346
Track,2,-0.5249845779811296,2.2275101605113328,2.0799587712485192,0.609744984915926,0.7021782485982473,-2.102216877488511,2.42094950680848,0.5396909079659274,0.46491239102984105,0.2108085482181966
,2,-1.252372462932747,-1.5251024314845347,0.47773349758629347,0.04089398663408928,0.5652489170814359,0.0576173397532065,0.6426088460788973,-0.7609528678685403,-0.6060853493441686,0.19850833861079623
,1,-3.9433609144532524,0.9634135907697751,1.106211598521503,-0.19254900514118128,0.6078443250131393,1.546566566637779,-1.9783805398623229,0.3078364298368001,0.8140372007270569,3.1316974550011993
Wrestling,2,1.0283302054858552,-0.41114979122848505,1.211957741177192,-0.5269890196314625,0.8845147201636966,0.391830981981484,-1.0023150146217044,2.0490271239342417,0.3331323112686856,-0.922506087862
Volleyball,0,4.701240283354884,1.8262075037086867,-2.3942962930901373,2.285705458959105,0.9036009324526622,-0.8138412363760799,-0.0849705923120779,-0.31235947419923715,-1.2518023787840695,-0.35987124507157603
Tennis,1,-2.2002734855744657,0.9431770775940718,0.16886710993222806,-0.604142473296169,1.1140226328604088,-1.32322969258531,-1.2958415816785298,0.06657779410828331,-0.15132166864497423,-1.1699492613496612
Wrestling,2,-2.4018318183477976,-1.6788687903135278,1.0964167849705277,0.7873923404010925,0.7380399386721143,0.4818914295706446,0.3665734476507158,-0.9308391366544172,0.1906363930583056,1.2101708646234737
Karate,0,4.4026886744673455,-0.5972137012523028,-1.6226607327813218,-0.2139329956050809,-1.1701180558089812,-0.2775759509357842,-0.6813664375870435,-0.8373819890614147,-0.8427771232154873,-0.19831783371279835
,0,2.1013945311719056,0.13747732100263163,1.0451406848477047,-1.1731207143276798,0.750176306041404,1.0813654029849469,-0.4010114104528719,-0.4187933406446037,-0.5090356048365948,0.6245976484159653
,2,0.8847086032124174,-0.4011663703078828,-0.8737490031796095,0.3767014347345149,0.3394746331797514,0.8923515039528621,-0.2506728904354654,-0.4869090390099198,-0.667381832009214,0.46497112516327366
Basketball,0,5.842325625403201,2.639433389750396,-3.7955104284812182,1.6861506572567564,-0.9945894596064783,1.069551398046248,0.4443692107991264,-0.0394389627766729,-0.01857599207032143,-1.170323195430557
,2,1.4326830826323376,-1.2105048920825952,-0.2665761179746943,0.809287210778543,0.5066304838091001,-0.618914654266575,1.3505278119390127,-1.1631901885654543,-1.6063447602221095,1.0876686285314439
,0,5.162284487329794,0.4310649519376074,1.8483501109005074,-0.580730860021364,0.5990450770155508,-1.1766462009735341,-0.4054676366218047,0.7415284542849131,-1.1887845220802575,2.1103903098518275
Cross country,2,0.8150258224082263,-0.7495362023137521,-1.6717560007424868,-0.2580276310565618,-1.7128367756921619,-1.2431593049349292,0.4392020248639352,-0.08177273216145792,-0.6719175598927013,-0.45870658993027386
Swim,2,2.2295360627062797,-3.295573428763067,0.9223672063162933,0.3510451672089363,-0.23564965272115113,-0.10243066550083542,0.040508491826269234,-0.5791180964624193,0.07301177403804442,0.8799818507332731
,2,0.2793406085175959,-1.141532741107736,0.3249474057750074,-0.3825488257710192,0.1987773823854784,0.20750638150701733,-2.30520343534304,1.4672625893320639,0.3989328310704013,0.267067245884808
,0,4.8670983039332025,4.017314457369875,2.9885396787530305,-0.5659301431715935,1.0649765862358773,-1.9464462873175785,2.3377777409621467,1.0801749650556167,0.9786513529936336,-1.2487536452370156
,2,1.2029050416789078,-3.510068247148905,0.1834224005893228,-0.19203422961525463,-1.2844059447416765,0.5492828119865955,-0.21035774992511175,1.212164995371927,0.09243158007107305,-0.1969707493064652
,0,4.476612011071409,0.9421956242830721,-0.21815746755151505,-1.843561596617037,0.020228331013512926,1.302213109441783,-1.269744187884981,0.508441519534158,-0.3288011743621483,-0.5380864913089446
Swimming,1,-2.249525453363816,1.4268365723528589,0.8492011676998561,-0.16866201686325527,0.9205252488032691,0.33235808061683086,-0.9791616160883275,0.6015574518704605,0.24544433640063434,0.06474912939143113
,1,-1.8614910837493093,1.9720219218605446,0.8451497237309387,-1.1473912826872554,-0.29987123918525826,1.3639294834052618,0.49649778585931204,0.35485977407231334,-1.017655908611179,-0.8141669354686019
Tennis,2,-1.649491341858547,-0.7928688012248295,-2.762097122612546,-0.006738716718778649,-0.21244839320645387,1.9119316350917155,0.718073669035062,2.286212358367964,-1.0527519888634602,0.031010344961931086
,2,2.034271527837567,-2.023457909186241,-0.795392385051203,-1.7526857966979241,2.397485124880637,-2.254279056155889,-0.49637671481167883,-0.8403188606500774,-1.7946328670575413,-0.384946405103489
,2,-0.009869075937903964,-1.9693197362123305,1.3329021507377146,2.4400870050429413,0.3327790709732438,-0.2200025454394276,-0.7360501875982981,3.08158780279182,1.1683086277816992,1.1720616845589868
Dancer,1,-4.44677126012591,1.6313285972969036,-1.3323827987920995,3.8892245683601816,-0.306283742719495,-0.6630801324730943,-1.1616499846848758,-0.54723699596418,-1.1903369620888007,1.8943402491914956
Football,0,4.438134335759768,4.4156565827476175,2.9081380207393766,1.627392694282146,-0.007348577424979602,1.5278113594909362,0.4491130254553788,-1.2908679906770897,0.26172028361452704,-0.7525796928258558
Soccer,2,0.5963562485179096,0.23016429467519914,0.9605487885740851,-0.4493986100296671,0.42390749062907473,0.924065422950607,-0.4218135323812818,-0.5813630490334293,0.054274977747436164,1.3132906123014068
Volleyball,1,-2.027543516398631,3.1149130788130086,-0.14102682575199826,-0.10928211261729764,-0.5327557103078501,-1.3615262993890633,0.18562418749847515,-0.04790741616053964,-1.3598660520671648,0.2834194037192151
Street Hockey,0,4.868106948965812,1.7832195498112302,2.3216883479709316,3.8371950589505097,0.9942735827952439,-0.3960216487784053,-0.16527475758516383,-0.8354709601836616,-1.7393153866862412,0.7347201152706716
Track and Field,1,-3.428061026528715,2.5816763951923356,0.19970627318257136,-1.6347245677733697,0.4091762982056739,-1.2313351828568975,0.6971306077004079,-1.3510177745790763,-0.8843972966742021,-0.08708095506596726
Soccer,2,-1.2563387971109023,-2.27429854504328,-0.6996178093298632,2.1086709264817283,1.4318922714137678,0.2370818063239744,-0.8431858774418493,-0.4205584113311515,0.6011450967827465,-0.9050403143431327
Football,1,-1.6846749380089747,1.4382088633894585,0.8706628147534048,-1.1088669569908791,-1.467412238245975,-2.2561465653650594,0.3021179445451355,1.165507060786926,-2.2560549713683877,-0.4299263240290082
Football,0,1.540540745184906,1.306513077406788,-0.5650667191619978,1.9378889800384205,-1.23204921972979,1.4093243931823025,0.8044635747621668,0.23719878886122112,0.6845256048003463,0.7260361162859211
Basketball,1,-3.605301398951096,0.2939247290333297,2.3765344871058054,1.562847607680515,0.6928002245845857,-0.941492641225699,-1.1636940819420085,1.5207403121273113,1.9460643404397444,1.3955713922790038
Basketball,2,-0.08901623048448445,1.6243821205372995,-2.5468180777674583,-0.5041341464595493,1.0430628529073456,0.08922812079355279,0.20387284505733486,-0.5978264192629409,0.25990857555888336,0.05004139287687148
Basketball,1,-4.898276927149554,1.8125091058256428,1.4285636536738207,0.20775040721660826,-0.45812044886012543,0.19608156270386848,-0.007009707195214873,-0.6216410635074945,1.0047254316083865,0.20201861990335465
Soccer,1,-3.8570843994927912,1.2861514161291594,-0.8516194487562767,-0.8941719683676251,-1.3166748366737981,-0.21315914039847816,0.3577639723552715,0.42242255603517254,-0.08018442518349948,-0.547124764325771
,0,3.0854857924073085,0.12006410551748174,0.4227213537612355,0.0068342391859910956,0.161626910871678,-0.059061001872035154,-0.9239652672770512,0.306334624889445,0.05363035733931436,1.0521931436880065
Soccer,0,1.6577911932145106,1.811494754374988,-0.588304361379708,1.1342947142305586,1.4844663898478438,0.6020089256864247,-1.0735725119754262,2.3805356252393124,-0.6926203338341749,-1.0331285539823136
Volleyball,2,0.6876755484536385,0.7194846663462252,0.4497948235232575,0.767729104754859,0.01802473459439246,2.6965446708899914,0.2810082103941278,-0.9676784192164137,0.16610436602828269,-0.4087809855325242
Tennis,1,-3.4758028807728834,0.7186840840912863,-0.09218583567937054,-0.6691245819501038,-1.437316455228655,0.39236367022146285,0.11470415300280826,-0.5805995461144388,-0.13229097442086432,0.09896131115549868
Baseball,1,-3.6010021712558475,0.03895667704826936,-0.010647127063954811,-0.43555171258895675,-0.8984884092708411,0.8858830692755324,-0.1962636705722973,0.1036274368768158,-0.5288390089435467,-0.004484204978974891
Tennis,0,1.7713303875966044,1.8299398225671752,1.0505546174010274,-0.7278168791892989,-0.4110577827668662,1.5143681349366642,1.15526434198817,0.23565064623266516,0.40477621331196706,-1.728366145586195
,2,0.8351602392640675,1.241814825756812,-1.0791664986552065,-2.413262826233656,-0.960351286120432,0.6901191037744752,-0.5776234056637342,-0.03903213265072768,0.3798430725634962,-0.09689830847889286
Soccer,2,-0.890883172442816,-2.172884447775828,-2.017313569168292,-0.7530720584447559,-0.7382581937410376,0.026490051363732822,2.0659715110379286,-0.03904768244911399,0.4549127136995894,-0.9928294400402736
Swimming,1,-2.8960916841188387,0.07237724029382209,2.4572596251597973,0.18903535890607168,-0.5681047056112563,0.9292015625205103,-1.149617919807251,0.6913661051369789,-0.6389935764964852,-0.6742192284390018
Marching Band,0,4.64907316642414,0.3345821740218827,-1.1801272074649383,-0.09369722558705622,0.6155978074930206,0.5207506061472654,-0.4544005502564442,-2.5539874187958773,0.20146140665881934,-1.10420254099938
,2,2.1752653841605487,-3.333512471738242,0.44485848164188424,-0.41781603950652607,0.272894829944715,-1.172955549064165,1.040067494650053,-0.5929779689589282,-0.1342837108477689,2.025993037733732
Tennis,2,-0.3126976627771039,-0.9729931825181595,-0.8695038907415036,-0.8353026525127126,-1.0376341870260164,0.9676226099439562,1.2983670132268286,-0.042450026148863396,-0.4977409651085363,-0.15503526461373335
Cross country,1,-1.9928829492082547,0.5334910069725196,-0.1697685366308773,-1.2200553663495821,-0.6026315622112578,0.6077547457389056,0.22640911371965675,-0.9082187971828128,-1.2430841415707032,-0.022212096685956032
Soccer,1,-3.3861720487858826,1.3687376272056855,-0.31136712767660923,-0.8596946876186695,0.4014200254979334,-0.3356573481401133,0.4586516178407429,-0.8918946947165814,-1.087057742746529,-0.6908205808104999
,2,0.7886157135109848,0.009448229511259143,1.507686610687291,-0.4877419297404247,-0.12597692127041363,-0.7935140588780811,0.20844371718746804,-1.6115775172899336,0.4148332024164559,1.7943047459694599
Soccer,2,-1.9069863328662213,-2.3101165223683426,0.32511001503344655,0.5418063415896095,-0.9462381649647214,1.9197606459964403,0.9410401982181258,0.18962285982425547,-0.13645499356785026,0.47548379342453584
,2,-1.2220523596946729,-2.2665814450587027,0.28743964549509426,0.100917002918754,-0.6948029624485279,0.4003513396295291,1.48327421556631,0.07091230789828111,0.14509568177891738,0.10303592799505348
,2,-1.2341372215835973,-0.8356475243552707,-1.6406739995907522,2.076380235215903,0.4812387017773713,-0.4973125732109727,0.2663840317605135,0.13355102346102313,-1.4599287722322964,0.6272191939370022
Hockey,1,-3.6990539103311186,-0.0890596970114586,-2.0045698380210646,2.9203762711211656,2.2755184646780178,-0.22585056676080775,-0.18655468911093726,-0.9388814583621953,-0.24990366609408232,-0.17361594649296822
Soccer,2,-0.6797489741063248,0.6156546142030161,-0.4423882143465655,-1.2986828397095131,-2.0234165623036966,-1.224524331696093,-2.084233099398681,0.09777395940665928,1.7422392111419662,0.7203938708534022
,2,-0.999303899355979,-2.4552151104249873,1.029909736159482,0.4902368849770413,-0.5927187913549758,2.2428723454144186,-0.12006664498294317,-0.07519016765983214,0.523459510529397,0.5750955091001414
Football,2,0.625171275813514,1.547650140131267,-2.967502079039191,3.008493848935224,0.6465260577248187,0.28172993505942634,-0.8911291535609385,0.100004296040518,-0.24114438078413472,-0.417017382669076
,2,1.2900146142490225,-1.017097652253512,-0.7408341618368091,-0.7812356035376684,-1.1474626317905214,1.496312360338462,-0.7791639064445129,0.09545967812886609,0.8328581826299319,-0.07405266514154014
Cross Country,2,1.209095223274616,-0.49377899070464476,1.450861544290438,-0.7097990948069585,0.7274181262723516,-3.160648104118203,1.3720491110539295,0.12205083184012663,0.3878463555678236,0.21500861417071843
NaN,2,-0.018484079583003868,0.2085355051032461,-0.2332347373398057,-1.327137912972841,1.6238736442244885,-0.1982785919783748,0.42187382865593087,0.7271058672554581,-0.9085636775969499,0.7739258975533785
Track,0,2.8455134758088922,0.2771056141277206,0.05245804859651319,-1.7338397580593692,-1.047231019168629,-0.921006957592543,0.6083585126674488,-2.008249984151427,0.7012496814345717,-0.12054489590160593
Marching Band,2,-1.0826505438754253,-1.196282269209735,-0.2560951710578644,-0.7274543726360768,-0.9292297134186497,0.7203147248756238,1.270283577142928,0.7787434681657472,0.115429898792147,-1.0791221441659442
Soccer,2,1.0648840297400255,-0.48560232210975623,1.7267312958905188,-0.31234108891104845,-0.766541149439774,-0.6138229004846636,0.17143079260874655,0.7216863509885666,-1.4292352028181732,-1.0227659705356065
,2,-1.3733743489500443,-2.890473420559486,1.1030104173233655,0.2593808841809689,-1.2162100026219225,1.2813028496312424,-0.48423057215810056,0.589483725643398,-0.33611510298773345,0.04436296674416456
,1,-1.8988764056030385,0.12378713319775336,1.6390968674870285,0.29540105233251973,0.35225589789094924,-1.678653236113711,-0.3121221577778484,-0.4212894530418428,0.6957334639412646,1.2269727888146165
Tennis,2,-0.11643059832596997,0.6203267772871884,-3.2570780241325306,-0.5703574033882911,-0.12003719041598988,0.6038135983469154,0.3000668190967735,-1.1021819427426531,0.8987390898813769,0.1125845537304259
,2,2.2126954690044482,-3.7148622253913333,0.8550291137116997,-0.021442026467233814,0.5810505411666818,1.4173185795787544,-0.14131760028608648,-0.033068582027428156,-0.3095951302582853,-0.487467756702067
,0,1.3779022473296791,1.7220103875100299,-1.4287241691257264,-1.806099347777195,0.4681618204874203,-0.892915836112508,0.48073300397399105,-0.6137166321861232,-0.13587246920426424,-0.31834870591589526
Soccer,1,-2.7148697880198784,0.9390163425676895,0.6520186168302434,-0.5520185480041003,0.032399802600971715,-0.8791054259482436,-0.41438953280346374,-0.6769780696226299,0.06133705378169803,0.33326599088424136
,0,1.8292473187089944,2.7117646882930675,0.1195600598327175,-2.179712763345777,-0.9143468381897225,0.43767738127501166,-1.5434669053953194,0.31989381017431917,-0.72423520918299,0.2973370041122589
,2,-0.3640981194652563,1.7196547404931843,0.9437712556965828,-1.2597118508787637,-0.8431272693724328,0.2823233231465537,-0.2589258221600864,-0.10447999202761683,-0.636314130476152,-1.1085751605537923
,2,-0.20824440395698948,-0.6471431614535055,-0.8071239010616045,-1.2135304345027815,-0.5549377272977526,-1.2361734104324267,-1.6756350315289192,0.6040830181670602,-0.6055984518435458,-0.5054965253314931
NaN,1,-2.8954396640938516,-0.7405759250345663,0.5571710887113792,-0.15879246000833241,0.5271221033070149,-1.237636690041556,0.723789607598964,-0.5254507069025053,-1.1617282694169175,0.1790347199518355
Cross-country,2,-1.204362365278257,-1.1043019858686784,-0.25511870950893156,-1.1782930178669035,-0.04834057651248427,0.2234548063706901,-2.7043795924703673,0.11364058776226323,-0.5569364578038526,-1.4155236784824523
,2,-0.20943013669279642,0.5788773469755012,0.09519562438018848,-1.0484397129957712,0.1122605315764572,0.6954468385349365,-0.47074649032920135,2.4796317238746997,0.14511007000351892,0.9089007373327953
Football,2,-1.839762469567259,-1.7465986893588856,-1.9699002175085287,-1.1233273938515274,-1.520405831562911,0.5721795183033094,-0.3908660490200259,-0.7886009187469296,0.3121340255364058,0.8426067531929599
Golf,2,0.687271568691346,-1.185612549738253,-0.46982848203186667,-1.3063859661036126,1.266385430665797,-0.7775374995419471,-0.028670821559671267,-2.3062369195185717,1.5614033799940208,-0.2514919392481501
Twirling,0,3.376725344494086,0.16353122685553012,0.4041076869296458,-1.5501074554970187,-1.915972152912509,-0.4089398078626381,1.5899206328618871,-0.3890403130670418,-0.32782861061263774,0.06240040720239078
Wrestling,1,-2.9159824381720654,-0.47187687330341666,0.14922994726950786,0.07149540409128922,0.06525290517495722,-2.0566914135043333,2.0632556110131532,0.6641018389966535,0.024010266751992103,1.2658698322252866
Tennis,2,-0.9767202086526307,-0.019534448516696397,-0.33742302644704325,1.6103433450101876,-1.5165124270221189,-0.20249656784418293,-0.31697246012060865,0.0616822322376786,0.3390379953019107,-0.1879696838261624
Soccer,2,1.7047470160353688,-0.9678575076211031,-2.5410647958550308,1.5299704236241403,-0.29526906069035463,-0.4220625695009184,-0.7661244290279831,-2.3923993262177117,-0.5587900346184318,0.3403653330348219
,2,-1.2945444933442374,-1.4109914545901066,1.0440678733043152,0.44643483401151507,0.8646131891395957,-1.145581117412841,1.5359733327853677,0.12121454185980507,0.2878143235794047,-0.6177185142658213
Swimming,0,2.0051452066810316,1.6469504958173884,3.3809343322108023,-0.12961970282677113,0.17179081560481083,3.680112001292235,1.834199634326585,-0.6449439081229903,1.6620051421882645,-0.01694821093401835
Basketball,2,-0.4075392282451082,0.5518362199570934,0.7202279023138733,-0.09044469212035723,0.1056712810368905,0.9141976751805106,1.0445596137157818,-1.483281015375786,2.1321801143759567,0.6909937106828997
,2,-1.6158728261045254,-1.917867604795491,0.09185982134046876,0.3764144026932455,0.3488096103796768,-1.1838327516702247,-0.07606779869964368,0.6807026028610115,0.049078792931315104,0.6060153245781381
Soccer,2,1.9818314095593703,-3.4620292923128044,-0.32983705460157664,-0.13967563817368525,0.48031572152293756,0.7998695771338022,0.5731836478980845,0.29794702899936143,0.20772014525338595,-0.7262693931738524
Soccer,1,-5.116002549357955,2.4717008538041436,1.1303373050905292,0.005489299493264768,-0.024632090829603232,-1.1476506176408297,1.5680858573536922,-0.39204524866175344,1.47378634071856,1.3278215166791423
Cheerleader,0,3.2924466633522727,0.38893233200328103,3.2289990451706063,-0.6891991679567905,-0.46120016768688554,1.1310782621182933,1.371870448483464,-1.0060603085204727,-0.842766509621457,-0.8616605978987667
Soccer,1,-3.0077786972253766,0.8737009056179255,-0.9085980011220834,-0.778866232409845,0.23809116985914078,-1.3972003767837637,-2.297186383628607,1.2821057764850672,-0.4561939145018569,-1.4606942895966584
Horseback Riding,2,0.6445745925113407,2.338480614517398,-1.9520568735301542,-0.3085009501411713,0.029448981444419133,0.26627752299897234,2.2052965024249103,1.545563918847712,0.43654717348682226,-0.8400478438758369
Volleyball,0,2.420420492072883,-1.0765398751581692,-0.966996962379188,-1.6681028000788576,-1.4526507470387198,-0.6848665894409984,-0.27282892411490733,0.19534475910107588,-1.1163907038195948,-0.11494382441953284
Track,2,-1.1112335458254816,-2.391446509040483,0.3346298346376296,0.06823760293707684,0.028470529945999138,2.5579743606713365,0.6123020656483847,-0.24842639879445128,-0.12982644019136258,0.38199748665988476
Basketball,1,-6.092964546157576,3.0895193144695816,0.7847344143636266,-0.7442445681344689,-0.5322315613537303,0.9159644380474125,1.7763905696074749,-2.520841401581149,0.7199364467669916,0.14756437828185764
Soccer,2,-1.354993023550759,-0.7008392096544938,-0.11786057555158136,0.8329098608208686,-0.07788141938173915,-0.1660717626792678,-0.44364655924648727,0.7494772773262571,-0.749934993440369,0.15586476949945224
,2,-0.7048648416707919,-1.1668413617507298,0.03769568394187716,-0.2835181007277318,-0.35511368084103656,-0.6025203418248908,0.41592208100379024,0.0775150057092214,-0.7355634726964252,-0.4223750551398919
Girls Cross Country,0,2.7886161863008203,1.906957303034723,-1.3178527451016822,-2.884537388635706,0.7095698482490674,0.0972347882181788,1.4961463113217555,2.0509476789226446,-0.7321396136375697,1.1753901007332812
Track and field,0,3.1049005188512773,-0.7368717337771634,-0.22437447310439665,0.36802866146669927,1.4317591278196256,-0.08787945345714271,-0.16697529987897528,1.776207465762774,-0.5101162309327637,2.7914728052336413
Football,1,-3.129544609001946,-0.22992021975603585,0.7211108787688201,0.147065786273233,-0.24201268050151828,-0.6136780133478963,-0.5892474595227053,0.23114519123322544,-0.1760815950554928,0.4335675720814667
Football,2,-0.27638430304212797,-0.9696949879515309,-2.1047579020929676,-0.06652375625793458,-0.4280791755705665,-1.5600082790579979,-0.8806275499217205,-2.227890853232058,0.3375619527062793,-0.35691806809794324
Baseball,2,-1.4095138102641456,-0.8209148985886001,0.8225745080449394,1.2947986742386355,0.4253476453107147,0.48269258213584176,0.3489422316807647,0.4611616985673504,-0.18614719122034964,-0.018406731075546166
Soccer,1,-5.4805463525175195,0.7278764454955315,1.0368156787975598,0.22228233830382807,-0.8617185351535358,0.9467977538351006,-0.8564226082603076,-0.7636103002852652,-0.7059300139118234,-0.45714981331179727
Gymnastics,0,7.451892716077273,2.595245727223564,-1.228711555623206,2.681345576261327,-1.9712944766760518,-1.6484825501050742,1.3748553854138656,-0.3885582690222675,0.4397845248684276,0.37433898468066606
Marching Band,2,1.0113933911562556,-1.9943465097202469,1.2015132714754382,-0.6839045593765685,-0.409906272273268,-0.6629908784049068,-1.0098640036384514,1.3727089257921772,0.0015976917734330835,-0.5735851238682815
Field Hockey,2,-0.6195223130071793,-1.8479780913294732,1.6649651379313566,0.27175792874069515,-0.367037492564609,-0.6641295966866686,-1.9340261355325654,0.5778121775332374,0.19533529655356863,0.34528939148345333
,2,0.40347299850845036,-2.462731253048445,0.7888374846103928,0.7071017552267583,0.4755983735990978,0.008943735390401993,1.0362556853732405,-0.4262978796801708,-0.1923479131351911,-0.2242118852455068
Soccer,1,-3.2134338667186784,0.3861041626632906,0.12852799969203862,-0.20124933357721228,-0.977473917011492,-0.46214235413787375,-1.9865930256359032,1.4719033954335488,0.29283019171973995,-0.31762299696127
Volleyball,0,1.2073817014701376,1.4241385222847953,-2.926306791854849,2.050615124649573,-1.2468335209987518,1.585116251574467,-1.7367695986467593,-0.14208312879054316,-1.9483265047231317,0.7927428792204342
Track and Field,2,0.024204591360599267,0.29597458653464237,-1.3151780388738081,3.56974466517949,-3.412955104066843,-0.4821181914630645,-2.7825305663849105,-0.4314959221727987,4.426906981635328,-1.018934839270902
Football,2,1.4931151123103967,1.1240737685759281,-0.15196607032552076,-0.43421023127062003,3.300384614988215,-0.15064349663943785,2.348873790366117,-0.09169634414733159,4.471967161540553,-0.8412660555533366
Football,2,1.6214751823774898,-0.3687664201206689,-0.23747281139535245,-1.4433003668881836,-2.1474861871761597,-0.6516662012421631,0.8841106596466429,-1.1025683555991517,0.6864319421621595,-0.6762970365107384
,0,1.5533392502128704,1.1255578710949483,1.4966756884158205,0.6392656321361607,-0.4365441799430855,2.2453403239468797,0.09435014763710932,0.6857019293252117,-0.13644867179606338,0.7021378913442428
,2,0.023102454543535163,-1.1336867031283926,1.2525227137317225,0.10301752072678783,-0.408965708750991,0.5057582325506297,1.7415015215651468,0.12456514946639607,-0.08234661582425516,-1.9073628350645397
Cross Country,1,-4.935691503335611,1.1713665725719644,0.5464650794140549,0.6853183566816858,1.1282078740715906,-1.1708964781329005,0.6506024927834533,-0.0944331355573322,0.6919467781438122,-1.0570377095573642
Volleyball,2,-1.4421448952026596,-0.5863064356334359,-1.2214521860675378,-1.2079727846032702,-0.2815169336936016,0.4810524184249115,1.8644664463232592,0.5040508622704898,0.7245178550799652,1.1246944170862347
,2,1.5972121803437729,-1.0046433091002374,0.5332954115284917,-0.3583837140548155,-1.3310994071180833,-2.1856050757377727,-0.9261315996311447,-0.5112265313820241,0.9925758493448295,0.8421698768916989
Track,2,-1.7534885024019884,0.14816725964730296,-1.172307474464649,-1.5943555411240289,0.17340799523679337,0.215161064181785,0.7055193934248684,-0.8978684027078977,-1.8391213366489492,-0.5541864978345312
Track and field,2,-0.2784424680816157,-2.2980635756896195,0.2063238016639369,0.31514595522588146,-0.33243654298710845,0.5097786050555858,0.4766343953347751,0.8903782100548122,-0.12949448900697888,-0.22192572437937544
Soccer,1,-6.967337147778118,1.0191443334744652,1.606703446952914,1.0905507302885715,0.27191214518823564,0.2780616070936281,0.7576645443000911,-0.3800204799398278,0.6249006334286838,-0.10764405437122108
,2,-0.8747645397374321,0.6513960992095656,0.25811603058595767,-0.8964650577595984,-0.33550077632574116,-1.4909748683489323,-1.6795698881293055,-1.3626002349727864,-0.369072661658418,0.6633216693967976
,2,-0.5400278651328104,-3.6824934643516487,-0.3694310624753167,0.25920338883444044,-1.041076688652336,1.444283864561372,0.5352186534550555,0.3888643814351677,-0.10822329995823828,0.5958175624127523
Volleyball,2,-1.7239126452687934,-0.36768804993324217,-0.2888253084597438,-0.7173848286984954,-0.9576659419354129,-1.720044783068549,1.6670601954460016,0.25693257292266997,-0.3182846523384015,-0.14857052393214235
,0,3.7511768638213674,-0.1432295575956576,-0.4648580670708816,0.6838291116978517,-0.7888198132361305,0.9999609196243969,1.9539662629680183,1.4066705898055982,0.03706556254539411,0.46111881117191716
Basketball,1,-5.9956774969722115,-0.5841043173767179,-0.5154762169350156,0.7134845161100822,0.5268520895197739,-0.1567047747537768,0.15294646361867167,1.467655894237864,0.9365335473870459,-1.2190115894428781
Basketball,1,-5.984391947239104,0.839545969467939,0.8470201198247764,0.8326035229302196,-1.5221517372915203,-0.47318888390026914,0.7309400706346468,1.6202017791488668,0.9412495443558205,0.7385973360402528
,2,-0.29785886787233895,-1.6341581365724536,0.1685697156960984,-0.37233708689640693,-0.408670179640514,1.4654833554952051,0.6563617186598711,-0.35606493135305767,-0.7556474724061837,-0.82433206281025
Tennis,0,2.537150133205414,-1.36802805797498,-1.721892197385665,2.3549605504467146,-1.2797104621500395,0.08195871150206364,0.8316884192164485,1.3030106334594278,-1.171709397166554,0.8030683796240368
,1,-6.140430848995194,0.5473606029351967,1.4613404560050203,1.215639476624765,-4.450492034537977,0.9474204676077932,-1.9380655963458515,2.0074795037994573,3.3265565502064964,-1.8727573178469605
Field hockey,0,2.1658465697303964,0.034145744930526675,-2.362993605068593,0.8913951600108476,-0.4381187697968203,0.19822686736320874,-1.3951595201835922,-1.3558123894912129,-1.2975578862652495,-1.0105997631479828
,2,2.0880421501273676,-3.3264113243200204,1.4570253050559165,0.2567070430695285,0.5876343509134813,0.7583955304179449,-2.548393660967716,0.01226661943423303,1.185426137920906,1.6736085810121835
Volleyball,2,-0.9844831637922159,1.329092378686696,0.048935938049307716,-0.5217347586870064,-1.233463903804786,-0.9504031352781048,1.292757854737541,0.9099203923952718,0.4759963401515049,0.4736814561380099
,2,-1.365330210082015,-1.3698502397084809,-0.7380506028391586,0.048420441921065344,1.0624192700421533,-1.6503872860808577,-0.10488495818118136,0.2861109795688954,-0.020980995221738772,-0.46941945474096786
,2,-1.5309837399572133,-1.00617547514738,2.5340490815062178,0.3144485892332076,-1.3766438089831607,0.6497514678765794,0.8935115157578419,-0.08482070711868946,-1.5454826488548707,0.1612200586342872
,0,5.7027925473294845,2.0447789332015427,0.3295791281295681,0.4566515684075296,-0.8034969903372704,-1.1994892236999444,2.5205454454317437,-0.9180602337790031,2.3858959972509877,-0.6411985441262485
Volleyball,2,-1.7638704594475518,0.28093262750116016,-0.8373809670759417,-0.9273033725148768,0.9365106543874449,-0.34162776092474917,0.6433224071795862,0.23861509495319103,0.10588470954659088,-0.27943433618705715
Soccer,2,-2.3020214827310563,-2.4597739219172663,-0.5892378872411248,0.677155956357844,1.4506310033666363,-0.8317685072978831,-0.6543931346735361,1.0236063495044345,0.9620613739168307,0.024112473676546755
,2,1.702353572251783,-3.5889256553839526,1.3439534585876423,0.3983302159646284,2.108402469530858,-0.11845631783053882,-0.28765486400249385,-0.9463243122926527,0.6419286886567342,-0.42754125123899606
,2,-2.9196327247598637,-2.2404222584172246,-2.218957583294069,-0.5924132941971916,-0.6869442486897281,-1.0060941033299822,2.202020496095481,0.7673702604384122,-1.174948122619867,-0.2506455923224269
,0,2.019399289528797,0.31678621739204044,-2.403155029116198,-1.7806576114170514,0.22326091122582473,2.0837077156741644,-0.3473475062479242,1.2264649582532177,-2.3826922525315277,1.5891113421681753
Basketball,2,1.7482780360175134,-0.2641300542343547,0.030567642178975063,-1.3611630219921949,-1.050467693214691,-0.9257599823019245,1.9174787358531011,-0.02244921821124701,-0.30320432056562996,-1.3523223830760938
Football,0,4.55303544309538,3.251911788411519,-2.2336002162363466,1.2743089411188,0.6319748117487195,-0.8877450530302173,0.7070310612497482,1.5102027664585163,0.6937734009387656,-0.37287079636140974
Golf,0,2.9169117971965304,3.7519128411516625,0.14425261566686512,-1.2503001442046946,-1.4326050892545232,0.6349386606914199,0.7246827770392262,0.6057279459847037,-1.2561676331040479,0.7284551322063283
Cross country,0,2.329992889883242,1.9878400681041075,-2.5126068511326354,0.03574568292609509,-0.23948222647054943,1.4215834146323936,-0.5694580145918771,1.0852071818400266,-2.2006052733849684,-0.2917124494339781
Volleyball,2,-0.1133846826507518,-0.8290460269006203,0.5204506733965103,-0.009033058082988231,-0.26870720988579805,1.8329420679942583,0.6027443449728828,-0.4018137322149008,-0.3067250949203679,-1.4832133078025327
Soccer,2,0.9331581329444529,-0.31345021660795847,-0.29626172227952186,-0.7178876571644814,-4.571610616078472,-1.6748141679207196,-2.6253117741582326,2.167358531449064,1.8824685795261384,-3.293456878187889
Basketball,2,-1.8106428869801425,-1.4093023407178262,-0.37619416857066645,0.6365311866823634,0.736595401048156,-0.6608691917394366,1.5477409323647406,0.19536079621228683,1.3434583796953847,0.032151464120419526
Archery,1,-1.8744876878204917,3.722402643446708,0.4338306958756381,-1.233011223958994,-1.2282384223679117,-1.5552139060363595,0.20509951842480836,-0.6509304393747894,1.3801114742690912,0.26731260953270325
Soccer,2,1.4787327261294363,-1.932269567590706,1.900047743553857,0.7722041583495389,-3.0937948905594674,0.5414175799467411,-1.1259626830103024,1.1881947501511998,1.5206479142453673,-2.505300905725293
,2,-1.5495845822696823,0.5476897666053477,-3.1816810844939085,-0.28564129404483163,-1.2491761105809969,0.964310316888755,1.3086225626390324,-1.0103708953922972,-0.7871553535774134,-1.2941150825110999
Baseball,0,4.32202859485266,0.06968586049210744,-0.9358582910005792,1.7546949859530003,-0.1799007974465601,-0.23928629999917447,-0.9125595028331465,-1.8097197019091786,1.0221841828280724,4.129772440732963
,0,1.8514099751401507,0.6967740375197962,0.8637103547054553,2.0253284949919155,0.7493296345742546,-0.27612865788546864,1.4555676964369917,-0.07116402338807266,-0.05096950463446559,0.47564172124708654
Golf,2,-0.32555784664254095,0.003561241151166825,1.9659027574558887,0.995782574848913,3.7602586008439647,-1.508384346906327,-1.0544593783364207,-0.6286516191509138,-0.727429325485879,-1.5755095006698931
Volleyball,0,1.724800524750756,0.5016278568189912,6.384643901579195,1.2163270503887882,1.1727318431131017,2.2899230954130547,-0.5538353429478488,-1.7705026658661978,-0.2522757621784457,1.0701297132888108
Baseball,2,-0.8002496649528082,-1.4756611473168966,-1.1738078714041422,-0.8091268533277657,1.4270762700930286,-0.8772570156135341,-0.12443089950639678,-0.5592305150001734,0.05811180355499863,-1.1863603378739107
Football,0,3.7346631132254418,1.0620117472911015,0.3824513267259806,1.480783978479589,0.8951557377222723,0.544902728571402,2.4188554983704127,0.20294735845367295,-1.2499372036533154,0.9502977605938329
,1,-2.0322592921720712,1.9867044221878798,-0.9345984245466512,1.6621161212152693,0.09996998668284846,0.01601377019904965,0.17286398676011583,-0.8849789003228619,-1.5101097146646558,-0.08497734943299698
Swim,2,-0.15568789991966323,-2.1144238113834746,-0.11487752688156437,-0.1748094487949528,0.7084073835704864,-1.1917362120912194,1.64743594319191,0.22239607935999867,0.5961645366032499,0.8949379956848186
,2,1.356302975480498,-2.6308190708223558,-0.39708975063137075,0.10608792659668008,0.5497742872525537,-2.43743462155265,1.1816905185500512,0.49514214878704316,-1.0779130058241002,0.03395512072413778
Volleyball,2,-0.06801068083844908,0.2052588613716751,0.2588002635292865,-0.5846950969566906,0.24339617031212207,-1.1237930991938025,-1.0381752121595595,-0.46586123279452785,0.36714968047580404,1.0783249283275844
,0,2.316114303972386,2.2476028332980733,1.333663585532545,-1.793548222251274,0.31528447404768994,1.4900618519307793,0.83568843686228,-0.22745162167550156,0.2126435336353198,-0.1216354358281132
Football,2,1.3924802796179399,0.15226339756952698,-0.20863249280033985,3.3412547258749403,0.7261643247080686,-0.33151134796854004,0.519373953079053,-1.6352559587282134,-0.1885376673605061,-1.042038458875947
Volleyball,2,0.1872145053280237,0.9935601735763931,0.9786976356378843,3.3655816266275123,-0.9984980396441095,0.9904620193448717,0.6442020362486287,-0.7211040147599322,0.5676727701977339,-0.4771412110610394
Baseball,1,-3.151561470053265,2.4818554992617345,-0.3185847326883985,-1.212747941290853,-0.830506289028376,-0.9833910384451171,-1.22869284138397,-1.014133732610378,1.4744033376092196,1.834518529470735
Soccer,1,-2.487026911403276,1.087593342971549,0.7068741584409821,-1.1032502516956662,-0.08860954381991595,-1.2804385487060534,-0.6305412330346273,-1.5348048985466611,-1.0557546698384888,0.2566542995006102
Soccer,1,-3.4483176390843258,0.5519985394931688,0.7150260193334301,-0.7299100596826698,-1.2817535646047173,0.4192313279845694,-0.5829434296557536,-0.783415045374142,-1.4538523280363895,-0.6045572386346064
,2,-0.013859359631496147,-0.27505289679331224,-0.2011214918765729,-2.308342542622327,3.754799707667323,1.384945388369097,-0.7878565922326921,-3.2194058351319828,0.8084970378242489,-1.064040346936584
Tennis,1,-3.681646761139031,0.5714664836777723,2.672646270069096,0.07626919611192716,-1.0696701226492076,1.5913536545201634,-0.6857192474733632,-0.1803556938053225,-0.5634734680466518,-0.226911264204027
Volleyball,0,1.5017129592312342,2.5288261588961896,-2.571599005735391,2.2793300944716908,-0.5593856787229607,-1.2481847558445989,-0.7624617998985614,-2.001821937994447,-0.9277367835075078,0.12274115288293751
Soccer,2,-2.0049572927973887,-2.657911095269982,-0.2641297835345582,0.6252732882518142,0.8986566955497636,-0.06544872548956819,0.9457467944336904,0.047308268954890154,0.1893486625210341,0.7177794273691632
Track & Field,2,-0.6552199313661095,-0.43986963451759287,-2.2890065227010545,2.5139626410057585,1.0703619108966091,-0.8881975896670802,-1.6370906813608646,-1.1124574093467943,-0.17521445724900983,-0.8968269768247651
Volleyball,2,1.373286803024873,-1.0151762365775376,2.0726728782592296,-0.169440610377173,-0.2845199580824197,-0.3485592962381132,-0.42296376029610255,0.018440547515630044,-0.5828762160711051,-0.07801387451651144
Soccer,2,-1.3837954747745511,-1.5816909028447952,-1.0265727093802526,-0.42518620075405733,4.693440962774129,-0.3229202083539081,-0.579638931152609,-0.5504404582980588,0.9618209961897656,-0.547667960869917
Swimming,2,1.0296607885849822,1.1860569879683331,0.05329540553761804,-0.13596925328051482,-0.5202316651068175,-1.4661487337332249,4.221069247045416,1.7634747477169395,0.987147037534333,-1.5286927837651059
Basketball,1,-2.219033108901716,0.9316682837431873,1.806880047931906,-0.07419537438569175,1.3746724642244377,0.10913182546923804,-1.51236460933203,-0.43084870837090355,0.26681824141383575,-1.6922098033363329
Baseball,0,2.3744125532515015,-0.32880236298613036,2.895356618869845,0.5376574818977153,-0.3776726025552327,2.143906000072089,1.4504079743127118,1.0220698610127317,-0.399195052737778,-0.7286893718900392
Soccer,1,-1.2650255098667624,2.098141276494442,-0.47751728123598464,-0.9270269936426959,-0.31319519899423187,1.9240689661022086,-1.0821568035085192,1.4614507491014355,-2.394089482374202,-0.16472289309674576
,2,-1.5698096763744558,0.5304213899778778,-2.1821696130223787,-1.9803573871309197,1.6976450700734378,0.904655907286476,0.5288676367310213,-0.6051044462122935,0.0731972808558759,-1.4918034031487697
,1,-4.490569941012154,-1.1770249734902576,-0.5241660042204213,-0.4218408730504909,-0.34527560739616225,1.2477366943298969,-0.12815453221955678,-0.8185456553640632,0.019647024497801247,-1.2767823830598162
Soccer,2,0.5847228528556039,-0.01337199774299783,-1.6839055576751965,-1.707849258202816,1.1682152951883522,2.657704463188891,1.0440619943480147,-0.20196984259430412,1.022088619091563,0.8683140482947472
Lacrosse,0,3.9408762622397084,1.9260777269196874,1.6087319182175954,4.746167545846383,-0.03357312079477458,-1.3876086703033759,-0.1066046027086344,0.3445131848070047,-0.8687730001299901,0.23659173733495087
,1,-4.736614063469303,-0.018182616980613124,0.4006155687542153,0.6318819661130253,0.2827814461832946,-1.1358442210464044,0.4312499129256702,0.5509599634498187,0.5065994717491603,0.3180143200238191
Fencing,1,-2.9154231810979465,0.6285962428502084,0.004847536716392577,-0.8253327902546549,0.45154430652779687,-0.3640602902868854,0.9949940801791303,-1.4975309495992657,0.46858762725895925,0.18393955802128084
Golf,2,-1.2011270260473481,0.24746930783148485,0.6256346769311371,-0.982385053766007,0.03420430531784854,-1.041505643014096,0.4881189681186936,-0.4681879515056762,-1.623025114993049,0.35692627983116465
Soccer,2,0.13068290496815618,-0.07564541769397208,-5.354499974725823,2.0146745574532803,0.9138044639514008,5.048343658237079,-1.1799256338899262,-0.5711830966373064,1.0481512932815638,2.032053190656014
,2,0.6134014014143085,0.8864291576128497,-0.2358975353810814,-1.8836601548982081,0.27924794810941295,1.885818723452967,0.3156333565582877,0.20798332500483793,-0.03905899162176691,-0.7980592423699225
,2,0.9753856062370079,-1.5453328607508134,0.20546980900600573,-0.6578577755493263,-0.9637133111083033,0.6691875814834022,0.7412080451934218,0.4482323753634858,-0.34148160475726363,0.854739705385094
Basketball,2,1.3188817195162885,-0.4475265437987954,-0.787870523411127,-0.9454047747356199,-1.3046412979218296,-1.5361611426740862,-1.3733689214102622,-0.7670925904442368,0.30113506469161583,1.5700497691279842
,2,-1.402995600666622,-0.7387284170152216,-0.8286823029874436,-0.5382989979992144,-0.12179189643705313,-0.5242501613933636,0.08757848725895351,-0.3986169669002369,-0.775216296377457,-0.1394649619942955
,0,2.5345027211903317,1.0843152434319312,-0.018607587881196024,-2.048817854151853,1.2434236854738896,-0.1697413443046898,-1.0548819018848292,0.5154195180858792,-0.6557946371537995,0.14887369791898142
,2,-0.8368198641803406,0.5523359231993458,-1.6042945452149309,-1.4573952493014561,-0.9135565210980673,-0.03266532319447583,0.7871391623689273,0.07954536247931823,-0.5370924930417958,0.017856909387994186
,2,1.380365930505462,-0.8681427534735121,2.8100682969035127,-0.16908285916603066,-0.827658731022603,-0.17431825338234064,-0.3660141604762335,0.6256045594989392,-1.9440031478850184,0.2653800706613937
Soccer,1,-1.0646547660854742,5.723108778420792,-2.656336404346508,-2.1865719612082986,-0.4112689891964719,0.21368115254926948,0.2527333524256226,1.3007249097832354,2.436355657785596,3.3530098513772346
Baseball,2,-3.0436846253695307,-1.9239136832533725,-3.701711306660384,-0.7245553300772191,-0.7768654178396747,-0.19743669747169582,2.074277820313415,0.7255146422389723,0.16809958660753108,0.4815893217555127
Football,2,-0.31851405436003905,-0.4396683754352948,-0.43353205115998283,-0.3324669849537966,5.221976112874047,-0.5299542495428335,0.122403103023508,-0.9335939751556278,2.9130248767855775,-1.9069720084195574
,2,1.3671886561208253,-3.2374620609870277,1.4154600252672749,0.6627236268971171,-0.03194557157688527,-0.6219597155327291,-0.45067558144673264,2.4501847083858395,-0.13261934726393013,0.33342515968239433
Cross Country,2,0.9839051837541811,-1.0943168837058563,1.4263438957289543,-0.00021074689173326703,-0.3314287259800753,-0.3961135719487996,0.5529076433243162,-1.6465276821386345,1.2211352119460233,0.6984736974701149
Soccer,2,1.1079904455518463,-0.755711316699118,-2.451202438967064,-2.2020482910250965,-2.223891921352626,-0.7786338417873973,0.5740673035458919,-0.9254042149981188,0.5489967767261579,1.4461044130642566
,2,-0.9166281397313983,-1.1648538577272223,-1.3574711046778725,-1.142801115941943,-1.3177856316718815,-0.19618039503220186,1.6810555847240953,0.07726597164889927,-0.4933430849873408,-0.1519452376750725
,2,-1.436832501774437,-1.529124701988495,0.15912606387622727,-0.1317492725154576,-0.8589934879582776,1.4267352677904823,-0.6895539456245499,-0.6171579485911214,-0.33218631355226796,0.09414619924809328
Field hockey,2,-0.480725563506191,0.6482418315419849,0.34011864482124454,-0.7587158036813763,1.2061022616822428,-1.8846621352595239,-1.322134542543189,0.7467897036278878,-0.5324763905558759,-1.033282680380855
Basketball,2,-0.10927600748777287,1.9506286228469376,-0.1314905645425702,-0.8947833431060771,-0.4288502658080717,0.5105380638650079,0.6229843483816114,0.6695918646965832,0.16332091176353353,0.6217937745548453
Crew,2,-0.3466011496971151,-0.3167204889202653,-1.1397007195396125,3.1180914041009835,-1.3357498870664324,1.4057772842035408,1.3011425773010803,-1.1775182928889942,-0.07952672731711209,-0.14642340500844614
,0,2.042046081384908,0.6644153865815452,2.2664766517082366,-0.016267739625811406,-0.6837824791455517,0.11265798502137311,0.295764125415781,-0.8455707675494237,1.6479214540929057,0.7228078342117129
Football,0,3.264937111570925,3.1639614394674416,2.296538223268424,1.4001559060871867,1.4469990082497297,4.507225728872667,0.42946364901134326,1.3171839387463056,-0.8444842417169179,-0.037387677792334026
,0,3.752808591342249,-1.438427131888753,0.4415733838001347,-1.376346370242253,0.26770316466791916,-0.1710168862281676,-2.3623163709903228,-0.12117826789133367,0.5753363216452342,0.18057480734412326
,1,-5.041823129237844,-1.5225462563857413,-0.4620862491359567,0.6092383076092327,0.27830794624647165,0.2249831555612069,-0.3444563831929904,0.23230202057133864,0.8570072311000695,-0.5677881253362154
,0,5.421676662466078,-2.9078092334195187,1.798375862144205,0.361082899024632,-0.2936353941236478,-1.1951357471225201,0.09836949586644314,-0.23831834552395897,1.4367195186341757,0.5933607347542561
Gymnast,0,6.180490235718771,5.429669559348676,-0.3388632427152619,1.5215560776112331,-1.4658723628943626,1.3032651773812625,-0.8338102126042815,-0.26018064312576034,0.47215114596502916,-0.3993102412410715
Soccer,1,-5.0847171861478335,1.3733719418058292,1.4217533006529095,0.859802448822328,-0.14282988585807027,-0.5290878569192807,-1.6906787397518777,2.6995715251167867,1.4061438268931201,0.20481812744437722
Cheerleading,2,-0.3074758090363083,-0.6657124398936791,0.7285188266359133,0.909611839150832,0.6220476748065648,1.243854787684949,0.5938283622431663,-0.153495836196548,-0.18784037361198952,1.2595037808130505
Tennis,2,0.8776472588978126,-2.95517629958631,-0.2424386835848989,-0.010673474438477581,-1.3672889414561542,-0.6255532562378324,0.5564209130750641,0.666172198147102,-0.0453849976951001,1.1748245603833145
,2,0.024821099992228042,-0.9090692719604402,-1.4722098983293146,-0.8484865806375015,0.8984591028533309,0.8377291924187118,1.732801850627259,-0.7128998029914845,2.1508626483626365,0.2792909481246593
Cheerleading,2,0.7502001971779694,1.5342592226569023,-0.6835808785552151,0.5342472831364327,0.7883412628228755,-0.3797392807251637,0.33325966668677454,0.39359717201222205,-0.15106902630087035,-0.5301965399419701
,0,2.5125345344648102,2.051572361412062,3.0382488454055143,-1.1433066840028423,1.347175666835325,-0.17078476643223123,-2.2215539822878836,2.1881776544575895,-1.9135881383194666,-2.7588922226096675
,1,-3.361453665985619,4.486812058688255,-0.8737268910443748,1.2562667968997818,0.3332232526143066,-0.2819872848863847,-0.6384699655846445,-0.4155558949558747,-0.9409890326731665,0.8413066854615603
,0,3.3882713402290903,-1.090639161413794,1.6736817092826601,-0.3980275456730547,-1.368845127904339,-1.7184722792833569,-2.2846421513025175,-0.6702352062357735,-0.23810444261065855,1.5227582052698405
Lacrosse,2,1.4747322496006767,-1.712462857654882,0.946969893882353,-0.242124240203007,-0.5817173172523237,-1.5826818597048073,-1.3752257801045804,-0.8548824381492726,0.3676582595759616,0.23534707934830537
Netball,2,-0.8489816787873778,-1.0728919720057215,-2.6594736538495223,-2.0247621985636233,-0.4734431151821109,-0.2847585292006071,0.9722211794179131,0.6846849346863024,-0.10521109324840897,0.7569853280352506
,2,-0.526041687619334,2.575217655174424,-1.1474733314002394,-2.146800950241189,0.9217753503905398,-0.002859720745167747,-0.2703412353830174,1.2201814909340383,-0.9630030709886787,0.08007156196470906
,0,1.9136461644294025,1.5306460654939176,-1.0824204403011228,-2.0164918421523685,-0.3644340292069476,0.679059600082838,-0.29159367202352215,1.5273020159911774,-0.3680894074492763,-1.011625095521674
Tennis,2,0.7407089364869361,-1.4234941418891123,-1.7476550809599296,-2.0785014881255095,-1.411961096926534,1.555795961213703,1.0104574521183687,-0.4204481542919256,0.26761880099216556,-0.4179156868028114
,2,1.0494854845870223,-0.48935203017665535,1.5773127956980568,-1.0634754979555037,-2.2767710934207326,-1.2681596552128893,-1.6738572518493184,-2.104063161634034,-0.22639758813884753,0.5139080681771799
Basketball,1,-2.5088619715732166,1.8199586850839073,0.18128151954800456,-1.7472754685377252,-1.754046692389511,-0.33453559408880096,-0.12392979029186534,-0.4173538423926249,-0.9712082205205204,0.8862499355097103
Tennis,1,-1.7866145035930956,1.1585211322947917,-2.33971859960151,-2.2310850313728428,-1.221854711574683,0.8506321798279258,0.3197901966701079,-0.7833923122259748,0.08208640339363996,-0.5017186672129033
TaeKwonDo,1,-1.5847600631206316,1.8181967989062502,0.43915837571496036,-0.6268591985595037,-0.7839968014393589,-1.2639155149910202,-0.7628853473022733,-0.71610148399439,1.7377676969261857,0.5433579618172878
