Sport_Name,Cluster_2,PC1,PC2,PC3,PC4,PC5,PC6,PC7,PC8,PC9,PC10,PC11,Cluster_3
football,1,0.4675957711992352,-0.5716611688737312,-0.12892640227794716,-0.1758300482520915,-0.6401301513191426,-0.8587547741280243,-1.7002107010743859,0.7951154389701558,-0.9045828465443759,0.004924956538404566,0.7550990214259371,2
swim,0,-1.0687082779924266,-0.398726347327896,-0.5785251965248712,-1.1154437438307352,0.3998821950687302,0.30259174688388474,-0.6298352607626447,-0.0166344470228784,-0.7491873816530121,-1.0593841546981682,-0.5341034454903181,0
basketball,0,-0.7877667479192367,0.017082362036804303,-0.4466725451919651,-1.898816841709075,0.3261286394994202,-0.4651854529056763,0.7447750946439484,-0.5287063049683202,-0.9344812803486906,0.47477483846979884,0.5976273763329052,0
basketball,0,-3.0715838916949267,1.9171722108261546,0.3920499394738403,0.287448074705599,-0.20781366817513688,-1.2637424029956696,1.173780774343617,1.287127848399127,-0.9214489260190717,0.026702280261730223,-0.6690770032153219,0
soccer,1,1.3345643916452585,-1.4113054263808766,1.1439944396105706,0.21590693795958835,-0.6583062292176017,-0.4607422038213106,-2.275995153866735,0.9971732301801539,0.31725118464768365,0.011236980635148185,-1.1785969843059885,2
football,1,0.09301018467997015,-0.595756225052592,0.1358273859744192,0.6889923969273163,-0.684911774061274,-0.4677902182852029,0.7371316893739875,0.9114908220959167,0.18438934927409292,-0.884163688827529,0.6547948987523324,2
soccer,0,-4.3787546704589,-0.26361773712486375,0.841837892521733,0.021110696056225325,0.1689869817641376,-0.4540718123195359,0.03885759772009118,-0.012996711618733375,-0.6992099159164488,0.3446184831722846,0.8588788305861558,0
tennis,0,-6.074964702416335,0.9185283572177824,-1.0119550320851238,1.5387529208789172,0.38346498906442483,-0.4895175784956204,0.38316291077880577,-0.5667055765749658,0.5908650119410763,0.20722275084789044,0.4175920979777547,0
soccer,0,-1.1217221504159838,0.6341588194533601,-2.186557237807644,1.0737213006996351,-0.8925992267010192,-0.9311545263527552,0.05107278048950973,-0.2528176617388507,0.5611854564126183,-0.30315067824299663,0.6615908913585895,0
soccer,1,1.220900904402965,0.9170061552504999,0.7385939918279111,-1.4465843275084027,-0.06942655201218732,-1.6549290479634717,0.4505505945589036,-0.26839315366498434,-0.654056818140238,0.8538113972419563,0.45030181243584455,2
basketball,0,-2.0421062245159365,-0.0803179886115879,0.291374670923462,-0.1955346419243829,-0.21909627500552478,-1.04962641915489,-0.09402127488380094,-0.8158147078745711,0.6836199445899158,1.3986174577546457,-1.2587573613056766,0
football,1,3.7835802755719135,-0.26607505074808363,-0.43254930019103244,2.007547556784573,0.8696273362457828,0.6169373363491859,-0.017294698611649593,-0.9612709860566176,-0.5432506733528121,-0.509758436629505,1.4211035830667407,2
tennis,0,-3.8744578473985074,-0.9248778296921761,-1.0442569877205727,-0.32971259697150623,0.6707600662448558,0.9952675816383884,-0.3138846561146431,-1.4968635855310453,0.6302145480666557,0.0874244458386893,-0.565362030081764,0
,0,-1.9029526002687724,0.1880886428121614,-1.7416044134857807,2.1609323772278572,-0.5837578218796321,-1.0724102485577878,0.06509262488268355,-0.7702101974179603,0.9261063332075826,-0.6110183983065814,0.853298740561431,0
track,1,0.8309833975553093,-1.8381324226626055,-0.005021156763132683,2.7490154713241672,0.3281884979972452,0.1242446682497706,-0.9245691066734433,0.677615253693812,-1.4946861637728175,-1.034647519911047,2.3647154260351586,2
rowing,0,-0.9566985443508951,-0.09159614960388594,0.14164541626444085,-2.8713639279871845,0.6873372899173809,-0.6375173217263227,0.013926218888053236,0.4311192520786556,0.8563221127438658,-0.8187784951949463,1.1415291430159389,0
,0,-3.41707492695408,-1.4493816110984907,-0.0679643916630238,-0.5693663174396176,0.1541045168622537,-0.29896810373933685,0.8017316737028082,0.5020531962930208,-1.0051097299195408,0.22338100590221796,-0.7662331295906514,0
,0,-0.8177673573695541,-0.7063671323708385,-0.3679743488052078,0.7159194225264139,-0.4609134195018604,-0.2898480331693974,-1.290271594654406,0.027000355405206632,0.5442813419327095,-0.38926111892951415,0.3600078031758048,0
baseball,0,-1.6449265254634535,1.7022287310542,0.36635959486847436,-0.22947443665434272,-2.7697779869316785,1.8991957889724576,0.40223684510384916,-0.6167740100313953,1.6498833409518612,-1.0665625948189794,0.7979921100517433,0
soccer,0,-0.3802214686472572,-0.8612537195891649,1.0624891675542796,0.23968507556601745,-0.4978219455673923,-0.6208355841228718,-0.4455936412065082,-0.8534962433644573,-0.3093903609438777,0.1783871307030076,-0.437041813488855,0
soccer,0,0.0563007190082698,5.826737854793029,0.17934877099592372,-0.5697189738080606,1.6107927391177799,-0.5105897977556796,1.0595522941381323,1.0268535005627395,0.4352200360100994,0.5264375570295076,0.902994085720064,1
track,1,2.8077722232008226,-0.7900545607749987,-0.4479925564540316,1.3309160825055724,-0.4560347197201798,-2.074700812357293,-1.0461324448324303,-1.7737245744656662,1.1809573430408498,2.250330688224882,-0.20249107718035583,2
,1,0.16834104330692445,0.03414940987229713,-0.7237355415115694,-1.0249119135771423,-0.5160820785556377,-1.9022719695419872,1.3472764730230136,0.778928795999261,-1.5765540485593192,-0.2366615634299787,0.15246142204028587,2
bowling,1,3.9646974459639974,-1.4134619903503383,-0.25032526360365465,-0.7325335300727934,0.527218758126703,-1.0751027366880086,1.157046140881281,1.6583130089047264,-0.5336369347903941,0.6291747493970221,0.2693747544633833,2
soccer,0,-2.4172429567148623,0.5625327275352838,0.993295624936108,-2.542703639506734,-2.852812999283155,0.7619118312018112,0.3327807270606319,0.009113347098164259,0.4094620062855454,-0.7431355198459464,0.2353339373252632,0
,1,1.0951113382696755,-0.013294623976976989,1.787890308437277,-2.7799154192453317,-2.9746962085159145,3.1025242321820277,-0.28016064706340144,0.45313791583845253,0.5130964058674682,0.3792897910488635,1.7955741279206363,2
track,0,-5.956684811032118,-1.4755223678844338,0.5620546566440294,1.6873491355185148,-0.27261988744986526,0.3978276653046435,0.13832021141415676,-0.14262397626541498,0.4511597019585992,0.0525868455373607,0.03582506860600709,0
,1,1.954853388502273,-0.5130547069788995,-0.15389998357875448,1.1985348502338469,-0.7404555118522361,0.27030641310110853,1.4592105007502127,0.06960370556186389,0.5116359900112059,0.6669594546832817,-0.5295453971697749,2
,1,0.2138838713447948,-0.050175626292812525,-0.6279202176056666,-0.4168415092193868,0.4576025025674406,-0.5630641998294436,0.22106400435845802,-0.2253223369746538,0.4423417345747549,0.08591236876026169,-0.4533203262794132,2
swim,0,0.025530756202944153,-0.0861645365743963,-0.22791816498280318,-1.4148606303838567,-0.11475094971700929,-1.7518320813709687,0.26621873699301574,-0.6882097964307778,-0.7357591326867685,0.8816279975652308,1.0351864834048834,0
,1,0.06173423364327248,-1.8953192115911488,-0.363109715594433,0.20549675251029706,0.002978890940558274,-0.1964205847526882,-1.0099485501114216,-0.8930661180878101,0.18113118670254508,0.06640811535518976,-0.7129856041099423,2
soccer,1,2.5454189232815194,-1.7829056934421177,-0.010719035101324277,-0.8095971489054334,-0.33813082097137115,-1.0032202609412328,0.5492469871240425,0.3264178117375055,0.261444593168956,0.004198182685736302,1.141411436590433,2
football,0,-4.154883380698097,2.220319453015821,-0.5283029266916067,0.42438341223608783,-0.7176293834402253,-0.4692974282430917,0.8751163150071778,1.1507386475910815,0.2545176397039218,-1.212390842831189,0.3257878266742422,0
swim,1,2.5917673189985178,-1.4916026522638919,-1.0792654320556798,1.0073119409556974,3.0396603577010306,0.48938960837347095,0.8647283353651422,-0.023766910774075854,0.28519066445684654,0.2624156418571266,-0.33507293725010673,2
swim,1,2.8107863568304206,-1.0384040717171554,1.8851660503343,-1.6236690558257219,-0.29596330999528697,0.4081541599052786,0.4887144765437164,0.9768437861390167,-0.9813159432182788,0.860114437843468,0.22886950143321114,2
,0,-0.8485274698532054,0.0008679429581320778,1.3785428833438556,-0.008046042374298117,-0.5712535935453198,0.5129900050962818,2.1303978422414374,-0.7556467133015146,-0.9051014500050016,-2.0961663893011186,0.30229609437932414,0
tennis,0,-3.4635619708865026,-0.8934095537043819,-1.5283463266650315,2.5212115245553233,-0.26070964293837573,-0.9460609905161026,-0.18228629057682605,-0.8258874606234436,1.1228706212595962,-0.5590270413306669,1.2652597801100418,0
,1,4.244476519378677,1.0097391710451935,0.20462490288889731,0.17095860363471804,-0.36677924231045217,-0.8260998259279821,1.0271520386543298,-0.013118001505574005,-0.21539599497589487,0.10314670263099901,0.8708248944372365,2
,1,3.064550865722953,-0.20647221241808758,-0.343359703657725,1.5372708673682691,0.2723526293939575,-1.3600693914714295,-0.08277337881712082,-1.101850339989833,0.8537323824751646,0.36810553353024494,1.6191816400543895,2
,0,-0.11715191694762794,-1.3233174447503162,0.7585428702446574,-0.4518752983919141,0.14988348496558995,0.026952740975700072,-0.48593970245459744,0.33162872165869745,-0.2992069908742274,-0.5030398540820309,0.20624694867593943,0
basketball,0,-4.049355012652022,0.2651731528618959,-2.7060524148963663,-0.8552155977523338,0.03496387941262384,-0.3364537703334834,-1.222151421523202,0.11804604557112292,0.5805322647663177,0.23376054892093434,0.569202347595369,0
,1,0.9171445352771739,-0.772182809731606,-2.0669886968309608,-0.20769058944263857,0.6644255201989917,3.158058791627686,-0.4619743341244362,0.036420146198792504,0.1710097257107615,0.5034933050501628,-0.12826277497463312,2
baseball,1,0.6622761674136577,2.0756228478865633,-0.6782688030205111,1.0937646652236614,0.03671920399127756,-0.4099635044526201,-0.4006960529399512,-0.16627270618246545,0.6306186712502418,0.8330814386985381,0.5801125984929912,2
,1,1.9544737360416848,-1.7582372087037765,1.5096177575016476,-0.23548230653750685,0.21357098818477402,-0.984392814294676,0.003921763476611064,0.15735259950355954,-0.5950904329384554,-0.4978448249541203,0.6825276848790297,2
soccer,0,-0.44064694006588545,-0.7155745358189697,0.7425259512898095,-0.6379254931383989,-0.3744894698362883,-0.9256735774713543,0.16230926393936432,-1.3367846598662259,1.0809239674844946,-0.22270823741100063,-0.1906291574067807,0
,1,1.3175231970568315,-0.2620223705300029,0.08405376644300222,2.5353281868964364,0.37200632914328663,-1.9568559164793904,1.5404359985633076,-1.753944488115266,-1.5671608224914602,0.33654136918312144,0.3721976423402659,2
,0,-0.0535401525114791,0.3504903951285249,0.2016549610134728,-0.36800901031904587,-0.9068029729055421,2.4706860992029522,1.8218521982446274,1.4843055173864432,0.9223051757936636,0.5927313124896537,-0.8022166269238048,0
,1,1.5353062201063044,-0.5201623401561206,-0.30394764485193154,0.6034501109656472,0.11122100889969237,1.1130569264523535,0.30014453625507154,0.1155774675573052,0.9723290518698735,0.622224915015586,0.9067236271148683,2
cheer,0,-1.529935100385043,1.9356157238420346,0.11524927103657226,0.5056447574046153,-0.2915901123532067,-0.5504584335575028,-0.8489750755660951,-0.3792832477228559,0.17394152505382401,0.42774440384659224,0.9435765274808146,0
basketball,0,-3.980546648627267,-1.1835161681505069,-0.6833652139805999,-1.1577764097702778,-0.2701099801751438,-0.4399876917564271,0.3501155196713361,-0.4756714948352357,0.8574053562423346,0.20383441044251044,-0.49882420141849654,0
soccer,1,2.7037291620789197,-0.10824051207565383,0.5939458247859762,-1.4839997195218075,0.38370372673331143,-0.3111994402249917,1.943746105600536,0.07668220648846757,0.3921860911867668,0.30145337045180354,0.5261895336239039,2
,0,-1.3525469833390127,1.3893141421501018,-0.5210684744161169,1.065076731031676,-0.6208677425151388,0.11949152071006633,0.10762609166224098,2.0086147336416564,-0.34519756848953354,-0.7709875950922931,0.6941013247501191,0
,0,0.1859371032755287,1.0830614488704122,0.08078850115287657,-1.747682049309916,-0.5617134255872834,-1.3711134493156907,-0.5369644006047652,-1.015501014204423,0.47751256643395834,0.861257488069225,-0.0821208059591449,0
,1,3.125155316644233,1.007738132218024,-0.3392429489480851,3.367731518868523,0.3783003939341575,-0.0575337643564826,-0.3995823442667845,1.7479310990618107,2.227720614625972,0.5041000941463191,-0.5480170354436898,2
basketball,1,0.23720307554954784,-0.4074310268584811,1.2823111911259275,2.7819984173756653,-0.8084115085101249,-1.8862363070460335,0.8211684264537906,0.7015955284698321,-0.504512273735304,-0.5749725899290823,-1.7629275695047222,2
,1,0.4803561156579671,0.09032026866602731,-0.30305172973990085,-0.7843925402699407,-0.3824740075213915,-0.3950727267872107,-0.20563596037100618,0.12279183451960994,0.7953737808675623,2.2677369472072653,-1.6887221476943308,2
golf,0,-5.626089940178694,1.1732258014067585,-1.4445809913673135,1.573216063770906,0.40897682941889707,0.7077232392486678,0.5213446425609011,0.5466731720204826,0.3417381164674589,1.2544820746932934,0.11375458664823286,0
soccer,0,-0.7547961046773234,1.0533291429459881,-0.8477903500751275,-0.21312388132104515,-0.2930088921089374,-1.0446972111562498,-0.8709677702265832,0.5737088035504999,0.6460231972095299,-0.8005594227948384,0.6996480154661434,0
fencing,1,1.4944256999346304,-0.2952443217427293,2.144963109929534,-1.0887117810490743,-2.0013935531707716,4.12710990238603,-0.8509223633947981,-2.452036322470287,0.8919484802911735,-0.6315203877133833,-0.8932289316535904,2
,1,3.8741752067232835,-1.9392762283568874,0.15065734033206826,-0.6136590795786796,0.27855440661603725,0.07971241841048421,0.9319145041851935,2.0439575461994695,-1.0974337531989418,-0.018663624079421806,0.46774779182511916,2
basketball,1,5.560442566526639,-1.2759794937568139,3.2120705035274795,1.3408959779787961,0.4070134836396018,1.3865636660193386,-0.7193550031683245,-0.2530450845768546,0.6203851259422078,-1.1583566643877878,0.3060894840932683,2
,1,2.0313861784219234,-1.3891802016818613,0.8029145431045132,-1.5129532872999876,0.8888063620313758,0.500411721624879,-0.6548074424839163,-0.8117366475396411,-0.5392919454951117,0.3504351241086294,1.6133845410264167,2
,1,5.601844766151947,-1.3359081174403253,0.02884140290369257,-0.6576057751312799,-0.9098311407692186,-1.180412239210886,0.018354370276417193,1.3717199992620368,0.35549022114847817,-0.8405762767105573,0.8483857864896376,2
gymnastics,1,0.4666135086389592,-1.8474921627734615,0.48851493610914365,2.3082926079533213,-0.5869241398519005,-1.3275153661558043,-2.6546442903483474,0.09728403774427456,0.2519466696578527,1.1767762947086589,0.084833046339907,2
football,0,-0.5384694001530778,0.7492232607828744,-1.059893313184946,2.0093720163822226,0.032141964364624326,2.5992883910099374,-1.1649570921895382,1.2424563304200902,2.6353860002434786,0.37239013714866354,0.8584549722160445,0
soccer,1,0.7154443099984367,-1.1728768926290896,1.0450639939991453,-1.405839864639561,-0.29440533740858044,-0.8493890472453752,-1.094579433813644,0.3868308657811863,-0.10069141174544786,-0.23259605549977094,0.7508428382872471,2
,0,-2.308861250852732,0.1632074529301867,-0.9297576351470321,-0.12376831430602982,-0.6390347578876232,-0.22911033664828842,0.10278675105562492,-0.41845171481177507,-0.3510691045459373,-0.2804029752892797,-0.4378878555283888,0
basketball,0,-3.153230749579271,-1.076243772925006,1.3705984625959222,0.8027713616454706,-3.235546036624005,1.6660619399122556,0.48607951599541455,0.413925840317677,-0.018084948200911537,0.1805281809695426,0.7694148688863629,0
field hockey,0,-0.21565100282719968,-0.5002105411752806,-1.179295250898001,-1.1383533234451713,-0.08014341408890946,-0.5089375101199828,0.20005096585964352,-1.038430842635742,0.431548738708373,-0.25336909223727616,-1.071678660782009,0
,1,0.3801019868422211,-0.4130955925338213,-0.3369467625096543,-1.2941383537313549,-1.8855979444515718,-0.8173377143487639,-0.3946402161482835,0.7717320615006656,-0.1287681067739363,-0.3631710853149423,-1.0633468756262956,2
soccer,1,1.0559572227127962,2.9613836678379974,-0.523840800069919,0.43611039646106814,0.2349466503660806,2.3178461774228687,0.09221655897101351,-0.6850390584029327,-0.25616729313643133,1.053874029680265,-0.31165111758126945,2
,0,-2.7015570987024895,5.794257733835132,1.2083128836668424,1.1291267204079285,1.1437748678682393,2.3929040766677723,1.2751142990035815,2.6149151378224293,0.22901842814106782,0.96945878136251,-0.004496960859595963,1
,1,4.027368266306389,3.0991988148002165,0.16194733538183465,0.3891769281540967,0.9795755428009246,-0.8642312877063394,-1.139884638213451,-1.2266967828491633,-0.44645122952025923,0.4147150352609517,1.2031753457880383,2
track,0,-2.2785616616767586,0.897835029420981,-0.9379749183772553,0.08056546302955714,0.6524967008929192,-0.11941371257088804,-0.7625849773463669,1.0665959012090176,1.5766268055315291,-0.72980104347196,-0.7070325017728195,0
football,1,1.9872204970714797,1.7790135452399802,-0.11929870936937116,0.6571016136749932,0.5503690764315976,-0.7256134822783518,-0.8206848440683306,1.092632338781533,0.7020077736061233,-0.6330072038116387,0.8614513706684509,2
volleyball,1,4.58368422339845,1.6525619828479285,-1.559267995617092,-0.8240699465396183,-1.2435299077586395,-2.4573615675795915,-0.6129533613366477,-1.7721071021365709,1.0659936308414646,0.9268983077443661,0.7857770515605143,2
,1,0.4152380111603233,-0.12151416555578701,0.4140596752392533,0.21292462905340115,0.06038885412718176,0.06760077537016948,1.329240163544706,-0.4508388749310985,0.17293517795041508,-1.0276947304725026,0.2699615843006229,2
,0,-4.077753007807141,0.0014732587599679313,-0.7615482862790307,-1.5275256911793345,0.6842412704801107,-0.6597650365119676,-0.034113912070925824,-0.7162719339803132,0.567012198569643,0.19388049527604354,0.32149547013209084,0
cheer,1,2.8538222004565816,-0.9045455579730559,0.019378033445610343,0.17576743835291897,-0.5048376589255416,0.8592486913055767,0.8220241802588933,0.7048402717252883,-0.45230092538819944,1.3222741500811308,-0.11316359675230968,2
,0,-0.7987622851393409,-1.0077032609555139,-1.1441500831649476,1.6304058021541536,-0.7304123155228232,-1.8619754367974055,1.1550066369532768,1.2551616472086053,-0.03427525453768562,-0.6557771133010194,-0.3800639518924908,0
bowling,1,4.384136573037517,0.932289744953212,1.0713048288054627,-0.33950136573929873,-0.8750893564772204,-2.4995858265587847,0.3008689608717935,-1.422363021470534,0.6348471374114345,0.955005165852247,0.18931974543690136,2
football,0,-1.6021350171338642,-1.6519517225457792,-0.3260541503844352,1.2596874123583688,0.6283774956368721,-0.8378268429753418,0.9807358569519856,1.1098649124272868,-0.5232684895005213,-1.656368828054429,-0.558107893985081,0
volleyball,0,-0.7073435616270343,5.904104820841545,1.305365752562599,-1.8242656428283202,0.9265449634478522,-0.1968337536983986,0.47334432730339465,-0.8786834269515341,0.17135211130100222,0.40218398643368286,0.5192333328122578,1
,1,0.34787162490751217,-0.2673783556074736,1.5131342224135733,-0.9714534696147464,0.7891114311169558,-0.0968273567307529,0.6046659066343173,-1.7167316008890194,-0.699461244111839,-0.007194830782799079,0.13966438628408545,2
,0,0.007460709973838014,-0.2004076843303057,-0.6297715103678392,-1.2363692098823769,0.7824915708784422,2.1150537539729477,0.632986300526181,-0.32832050909531374,0.16332653509559358,0.123089135058921,-0.06517466848924669,0
,1,0.11265603899380884,-0.16483680520155436,0.3303254031870198,0.8726623191970538,-0.09732842980781717,-1.4914003594809708,0.8813298330128456,-1.0708070283085798,-0.26145776451644887,0.13506406563846896,-0.4053932018855283,2
track,1,0.08796973153659582,-1.8689269382275293,1.230458198501149,1.3027242922518212,0.02001455258951863,0.8849290097355295,-1.1268298154383842,1.3597922098270523,0.0675111704912346,0.4395494763525719,0.7621499123027012,2
,1,3.5980073959155123,-0.10833481839115473,1.1871195835484771,-0.4140447864007149,-3.167689378819636,2.9397301660980912,0.32439881077473165,0.15490558322915016,1.109111956251138,2.6309930112795135,1.2988584829113798,2
soccer,0,-0.4418895006645341,-0.05098863780471994,2.1113640981031216,-0.06796346815055906,-4.2065916124305405,0.6292633391427702,0.6541673838768131,-1.4588894533290668,0.40540423759817856,0.5749854938195229,-0.3787140855165062,0
dance,1,1.8648732018788843,-0.9829372946797852,0.4061047173080998,-2.4931700496221265,-0.29174789461627476,-0.7021940150933091,-0.5799998642079871,0.051790602217527286,0.013287565228416632,-0.9260997308924983,-0.8987423621964175,2
soccer,1,1.3572576740368945,2.055009140465761,1.6905295369261264,-0.6341955315402312,-3.55872796159888,0.9514397021460221,2.911075239486629,-0.06840713257108717,-0.8451659026637883,-1.2986407330849135,0.027734431454377442,2
,1,3.61558583491019,2.8044044464007656,0.25110716262595684,-0.050074695181972814,-1.2045582356223719,4.2829475864316615,2.9321822231708548,-1.5368199147898634,0.17020846291722375,0.5132532988330667,0.20210334591291254,2
baseball,1,1.4535837816445207,-0.5707236282152681,-2.8716531199881956,-0.1427777821979644,-1.1928094233688429,-0.9813629108850652,-1.0371587995802403,-0.4924941716409032,0.7919636933666543,0.7221865399269547,0.5997828199948227,2
football,0,-0.8920113404685998,0.21680183119525992,-0.980663924285903,-0.323817309818549,-0.45570692874484553,-0.7359349607146698,0.9687048871784769,-0.3191758649386533,1.4698340145075364,-0.18996858756128196,-0.8528101779449168,0
swim,1,0.7706793317492535,-1.2371638907793596,0.7069343241511498,-2.061926248994867,0.9770451970177624,1.2439140468423413,0.06463567868252533,0.1004321592909891,0.057033654526364,0.6797074564313043,0.4181496671077353,2
,0,-2.2541580188615304,-1.2378647720939102,-1.3834243796534647,-0.913005575536845,-0.09907511782040965,-1.3527636079853749,0.8945974878400633,-0.3743598986942821,0.015627928752322166,-0.20954706299561363,0.5535334594813038,0
,1,0.14235901171247412,-0.5326737939989692,3.8223975059553275,-0.8570037112723684,-3.0362725831106463,1.8287167384023442,-1.2392044119269663,-1.692411055463903,-1.272887193088804,-0.3575356588661948,-0.13213853721114605,2
,0,-2.1632019109115843,-1.3402294215224488,-1.7600767100876893,1.4428413799161515,0.8935346781854058,0.6769721015979953,1.2969632319946516,-0.27256329282919783,0.11954135458745888,-0.04440418885099912,0.6958050907735047,0
tennis,0,-3.1137944890690274,-0.0891826138754608,-0.7267643834808443,0.19129659101954027,0.4706945653043705,-0.8027288691194581,-0.21078930312519575,0.0870905079469526,0.3848849763153765,0.14711577658598202,0.2748500082048712,0
soccer,1,3.031879226453451,2.053878865388213,1.100455095601317,-1.4305486703573727,-0.33810726487752896,-1.4372156102366433,1.0128599585599134,0.2786275421888015,0.019689451067324205,0.10640577223474301,0.14969372732386935,2
track,0,-2.9712906194459507,2.926097005803927,-0.6521952110531769,2.0668970627195407,0.14450477187237631,0.252900843899135,-0.318549675400537,1.2756377040432465,-1.0636114106272143,1.0823280609729145,0.9212343551724241,0
hockey,1,1.9662734831534243,-1.1832624108437233,-1.9718755135417447,-0.807894194151419,-0.8142493257347978,-0.8173021782867491,-1.5623722018883117,0.6378846624848429,-1.0034760239787284,-0.09963644187022552,-0.6471702890662502,2
,0,-0.1333617803105414,2.1640378595044742,0.10065258657866868,-0.41313157707300163,-0.40818285310939484,-0.009610170915797904,-0.3950049112938145,0.5375459436906159,0.3422865581265169,2.5340325565044033,-1.480260345872888,0
tennis,1,7.090692724007393,0.006444154765403252,-0.5761917086950071,0.02129370742779005,0.8524874242490602,1.4854168602518383,0.9429838774263821,1.2670667123536485,-0.9013302265811912,0.4293338038577754,-1.9183964565715346,2
basketball,0,-0.7171337349853589,-1.2177392114842058,0.1327534245794909,-1.5190325964531852,0.11802357210431612,-0.8875766773651679,-0.2956127276480942,0.967134048699961,0.45482236191214315,-1.24790610709132,0.16181291007575238,0
track,0,-0.625223017918033,-0.9627621246448858,-0.3809689706953636,1.6797748886829982,-1.1081781330151907,0.17481893675678709,-2.2235421552274164,-1.0985089189121842,2.5493506394640324,-0.6813625279888813,-1.5360256495591043,0
,0,-0.37960091612645025,-1.1713864767174145,-1.1731578602478774,-0.910696200685604,-0.4892280479473796,-1.6080457248186921,0.3724650501296414,-0.4814506046763991,0.9889750757842556,0.7038969586403876,-0.7743544395289182,0
,0,-3.6862761316773742,-0.9584215273486144,-0.35771398206656074,1.1767940900999663,-1.1108674281342674,0.4732579439362666,0.5784997672947783,2.1957116217729395,-0.768641075118841,-0.22469918098550143,-0.49662616842932683,0
wrestling,1,1.2592596960014515,0.6052877925733088,0.4092074585025484,1.0957154511256484,-3.1032180520207175,2.274393420106439,0.9434383336070834,-0.4121108538061857,-1.1790622405426727,0.4224617123687644,-0.6903866527191683,2
volleyball,1,3.5405039765084876,-0.697816473821507,0.3156650421605824,-0.3044885595888397,0.26874876003969855,1.2765786734329865,-0.07162351482056037,-0.7294913487747178,1.1745533193147586,1.2332486285631188,-0.41442343073678223,2
tennis,0,-2.813149075108869,5.640522589690612,1.2924553221613682,0.7103964211914612,0.5590535081067569,-0.2519460668112423,-0.8215212029997964,1.9949125242653867,-0.571494662413264,-0.8868910126456129,0.32336810395495874,1
wrestling,0,-1.9411882245104384,1.8095093254821852,-0.282422592747667,-0.12815805630926946,0.3163209378407748,-1.4127715093353286,-0.2581354401423372,0.5979345586329057,0.9054267859223513,0.046307766960736116,-1.8568518788074762,0
karate,1,3.41528353428592,-0.6947398544342827,-0.8395073035024379,-1.4386065141832631,-0.015527578271327204,0.04021168789633797,-0.464412256826458,1.3981248202873304,-0.9971075065456342,-1.2708722209528152,0.19426161984666837,2
,1,1.9239896197559836,0.2007573459267168,-1.5808346248290328,1.2142248715769364,-0.3202356731404157,0.7966808192188644,0.8887893236569099,-0.476530230862351,-1.0768159274090607,0.2880714892638077,0.6659775189114234,2
,1,1.138695944273767,1.8482846686299024,-0.9299634135927033,-0.7748570463291072,0.8883415935271963,-0.19752135215665592,0.13814051962498788,1.2223717684253288,-0.2698657657523737,0.0008075945711725288,-0.3484263192868923,2
basketball,1,3.4946787789612856,-0.926231630932969,-0.11616872497902953,-1.3412634462168374,1.667952173274399,2.18438892629841,0.6948100254105105,-0.12743940412795887,0.6824617720240096,0.138410134578608,1.0060460270888367,2
,1,2.1210133536650133,-0.9602521888938554,-3.05610191198326,-0.8429279384544878,-0.8737704371093622,-0.9199370654685914,-0.850766945203895,-0.19264873849330863,-0.12699008207567603,-0.5713761264979957,-0.4587209333328503,2
,1,4.682801806336617,-1.1383598103342036,0.07107600235334552,1.6222452406875985,-0.849989435193651,0.05820202012852825,-1.7957160449746041,0.4730055222173297,0.7960390002273726,1.065495886144561,0.15213047839273564,2
cross country,1,0.5560536991420912,-1.6996680186950774,0.6338491325879012,-1.6446288948168868,0.6169537322777958,0.46800544893036067,-1.4112901028388594,0.03769437484889879,-1.462568385374624,0.18823344013638435,-0.4395672917297353,2
swim,1,2.515904876583014,-0.9281913476083842,-0.6664867566380805,-0.8801309841753513,-0.42684198655153377,-1.8189004172835364,0.323466305759071,-0.09019192907124865,0.6854948339749197,-0.16435376504670873,0.10166923576303766,2
,1,0.4779566190800402,0.5837216645562228,0.7759722763676723,-0.11083496746094514,-3.7117747996034307,1.5591838719084838,0.6488673762366887,1.3793886371685815,-1.157272810891253,-1.0255937038808514,-0.6981766079100252,2
,1,4.089844890810997,1.4716564022991865,0.215692343203662,4.381682801372453,1.5361074854769148,2.670179302899701,-1.6936202258711774,-0.6879223178408546,0.21595019582504305,0.3423830606451273,0.1914677430713896,2
,1,2.0955076383680433,-1.9210029027579805,1.0076053407243855,-1.3287509746759305,-0.21573844119285912,-1.2487678224705185,0.5011373587710395,0.8581950826880667,-1.453865202930094,-1.1965304047550152,0.8463787908733486,2
,1,3.1573913710220713,1.9240452542579045,-0.004692540101604817,0.6389834818458452,0.7417439333164593,1.0289300389761322,1.4022314399926492,2.372793578422253,2.1135594117704377,-1.181670079076469,0.7938627652800105,2
swim,0,-2.236823828125379,-0.07152758114992051,0.551665768254821,1.5095053728656744,-0.223824832149665,-0.12571128605462864,0.2911461920552319,0.7213271733025072,0.58822388130053,-0.2823502427590267,0.8289882033117871,0
,0,-2.2050705985078283,-1.1886344743187782,-1.0960679575712833,1.2506068801781438,0.6467398501249159,-0.789937153003692,0.4023098104716041,0.49186750065632967,0.005339320756073909,1.4340613518106746,0.4949356910608002,0
tennis,0,-1.1774639436775447,-1.1803069649646425,-0.6286791969925238,-2.8997366830534204,0.09336088792581043,0.3290140201541903,0.8202646151748074,0.853251690526345,0.9672612846793361,-0.027536095196666024,1.0250637083898626,0
,1,2.2006664422425115,6.29722753971679,-0.8481077324164544,-1.4186827228834047,-0.49401312804296665,-0.8352682397679916,-1.263974818284534,0.6506350955040892,-0.5600431598223539,0.9971913256555439,-0.08529168380130218,1
,1,0.7278403743006867,0.2337867024704338,2.809853405134981,0.18483643293022384,-3.8904214861492,0.46696199203742395,-1.2040161893051828,0.08064096974973753,-0.35093541157408564,-0.7335125421056864,1.2206394460055665,2
dance,0,-4.765870659710278,-0.11433885876876537,-0.43616549547952344,0.6462737711755434,-0.5221659567181315,0.47151120515559297,-2.083091052765452,1.6254919485895303,0.723473598199986,-0.06433560812845479,-0.11425594125456855,0
football,1,2.449118638781622,2.3785896784730123,-0.7490029192325457,4.943099575299787,0.7063141620027232,0.31915864031428626,0.48847716820851095,-0.8284816191378519,-0.29086528753693364,-1.479772865112082,0.8806626510051603,2
soccer,1,0.3551454813069976,-1.3184833382276293,-0.8942598660835801,0.48730589082666614,-0.43943492932644374,-0.4736486381734493,0.38568505856993807,0.6992687486009596,-0.3942686243528621,-0.34756305473714805,-0.47752795301792395,2
volleyball,0,-2.3168104833540717,-0.3435403308985544,-0.11470402953450333,1.2254391103699747,0.667116382586898,0.34970150378244197,-1.4240988993076942,-0.6031081881305445,-0.7246323108673972,-0.34826750050454525,-0.8414433207179782,0
street hockey,1,3.5700908049073097,0.9261337788385469,-0.2885976644049099,2.911297762174131,-1.5950497657589373,-1.8999965713425198,-1.2652210792953016,0.8758112932284312,1.077290123645319,-0.19504210377922895,-0.6740598614707987,2
track,0,-3.361545116353183,-0.002995278303162511,-1.641308763939796,0.9733146988634478,0.7982994493553244,0.49564967536684723,-0.10490827279583927,-1.380129113862067,-1.689530463050943,1.2538235973975385,0.04924062935382528,0
soccer,0,-0.7518588031756697,3.9230550726290527,1.4208610866131135,-0.905937724729274,-0.3880996237195718,-1.0108713040082624,0.13332417034195082,-0.020314960249945443,-0.49287784992467365,-0.2754111791346925,1.2768527963334793,1
football,0,-1.4453080052082234,-1.122149530938057,-0.03743222849678616,1.2430071782274181,0.24163130824979595,-0.2904673356705712,-2.292421093787857,0.9644346874543311,-0.545124203479987,1.0882660278427285,0.6710982494783647,0
football,1,0.8650439475095959,-0.3681093753008011,-0.039325477731389696,-0.05385386338925256,1.1187713565772048,-0.09118228639952643,-0.026322937178346578,0.3318898786928706,0.05339444956683569,-0.9398001547851911,0.7351485992849323,2
basketball,0,-3.0400488757969675,-0.8822665995391917,1.652606392019795,1.4813799666864538,-4.082431365720307,1.3085550780682684,-0.8811675319960296,0.5776011650681512,0.5185347636894521,-0.9896589571150132,-0.6961076390699642,0
basketball,0,-0.8039727373091949,-0.11103750955864945,-0.4146542536921609,-1.1865096815554952,0.3054144700419785,1.7166080521212306,0.4798143873274748,-0.9074508569509531,-0.7142073418474656,0.01887058358073163,-0.004055677922004234,0
basketball,0,-4.743491774772947,-1.5762320027651016,-0.36151441347916263,1.6299294691285795,0.46557981832844547,0.5119527381880987,0.3456318416986435,-0.2836132808881116,-0.7838065427151796,0.17392862448161345,0.3008475670962969,0
soccer,0,-3.350578451916498,-1.0807802903829824,0.44973051971274036,-0.093975214629325,1.170258342152432,1.1879053655972769,-0.38094838615146925,-0.09907821712166506,-0.08975422585083123,0.7136606071752787,0.3013201380463782,0
,1,2.972305655817622,-0.6265050388185729,2.9186987014790864,0.8103509888110724,0.8510931756911757,0.30600476604208354,-0.04480888876803051,-0.3109343929110436,-0.19022287299651547,-0.31827628333241553,-1.10880658904268,2
soccer,1,1.347633414022647,0.38090338849131306,1.5723678533748129,0.42135442690354624,-2.574772021933857,1.3409942842403826,1.685982552470272,-0.1754527587107124,0.41571202781604477,0.5163139944951336,-0.25992761965759165,2
volleyball,1,0.707320594415869,-0.9275649442672215,-0.19290384955958906,1.397415084648285,0.9306704448663864,0.1965054151707324,1.8260239587726617,-1.4004456113547794,0.17971336773434923,0.14052901564811507,-1.7244761830977786,2
tennis,0,-3.204933819486112,-0.1511234617282763,-0.3128368740896323,0.5862969701097905,1.4398017490542165,0.30575666135398305,-0.9414616126437669,0.1349123492911175,-1.547727700311006,-0.4592227794156189,-0.0026253788319620408,0
baseball,0,-3.2671204981093167,-0.20629545155190748,-0.33618879116713246,0.007825122100939948,0.4904221835641888,-0.47409121827660555,-0.06009452592643708,1.267442581164649,0.2620005665718506,-0.8607145642371775,0.3648025638150008,0
tennis,1,1.0128301372746822,-1.8789079638404536,-0.9567038794347785,1.3783816429524027,0.8167556510393209,0.6515547418062871,1.433660357182911,-0.006136811154002308,0.8007580178268601,-0.4933129908277014,0.07803140172132474,2
,1,0.3333671533243225,-0.31724053935246616,0.36919371656424504,-0.4200974776154776,1.6732012750079746,0.8450818222444185,0.5644235286687006,-0.1254870705062967,-1.0678642998959251,0.8236907597588107,-0.0009404320545915191,2
soccer,0,0.1194496569604466,-0.8942604896472865,-0.7667849148312307,-2.9399903433658383,0.9417248735267976,0.10687911292368042,0.03479392859535345,-1.6775193568890645,-0.3670688711781167,-0.5104306125269173,0.4890085360162004,0
swim,0,-2.443279878744421,-1.6400008900133087,0.5006403330213687,3.1247004288852747,-0.022775655370743515,-1.020010286274501,0.7248178315519428,-1.1696145946559289,-1.116725003955662,2.2822710695271287,1.4281538474303788,0
marching band,1,3.5097390144417866,0.13009129099606564,-0.8921243422780103,-0.48289388574442865,0.2591783384442441,0.14579943270489104,1.4371302846360274,-0.5455168533032667,-0.11069942851221178,-1.0477505108084508,-0.8369111062985477,2
,1,3.373962089514641,-0.42208921676696975,-1.082442639884228,-1.614427288116458,0.18937633810577012,-1.0161879113038992,-0.9376832406524093,-0.03525552583376106,-0.678274999413752,-0.15746119918727589,-2.1015222417169235,2
tennis,0,-0.1276770672824217,-1.6664463855235823,-1.626355332839612,-1.3604859745967188,0.7796719556129111,-0.3305749642180784,0.7240036654278659,0.021871029499046277,-0.08269908059227211,-1.1949736493055811,0.9055012876009689,0
cross country,0,-2.262207514249034,-0.03655801626709722,-1.28726950445965,-0.5178994343295541,0.30667719264013815,-1.1933781219378174,0.06530551287639028,0.3485929005778025,0.248062570579006,-0.43832274814526306,0.43515730182515716,0
soccer,0,-3.1839484861665936,1.301368387673985,-1.7979771142497583,0.3025995094276334,0.29675527436216237,-0.7849380585573497,-1.117552535439591,0.5723962510175076,-0.3917241750052915,0.557582214646496,-0.21096221189521683,0
,1,0.9578317790779898,0.01489845547898036,-1.7451095494618396,0.7009721933371278,-0.11845789369491853,-0.36669493505893797,-0.5603268703885541,-0.19407747711234805,-1.0538723970262998,-0.9387977561304133,-1.2053578479566323,2
soccer,0,-1.0715282578320502,-1.683282994381961,-1.5204703236593158,-0.8050766476264095,0.13358364725631625,-1.3950370641817469,0.5490399656548908,0.23376515060545192,0.3911555283350519,-0.9410785203092227,0.6080594788790145,0
,0,-0.18310201107361387,-0.18266259438043328,-0.6632982756395259,-0.7134485210824438,0.6833280311438945,-1.0970069879981024,-0.5006171470947663,-0.5455925989483568,-0.27571805436007835,-0.21149673657916473,-0.09891130412532113,0
,0,-0.7299310407346403,-0.5684712409116721,-0.31301035057674664,-1.439404905015863,-0.44915490229080096,-0.5266103498328633,-0.08647372260407447,-0.05843024804518277,0.6593865395444491,-0.1150440076307334,0.3163843806130717,0
hockey,0,-3.1934544303586376,2.4349992455992395,-1.2847116070345126,-0.6580044241388106,-0.5241457900775032,0.13726850539936797,0.39806055032789434,-0.6534960974802362,0.8053355341038552,1.0688168800259183,0.019230899108430226,0
soccer,0,-1.0773638964541452,-1.3345161053627488,1.2217571204032962,-0.7321460696199247,-2.575754709792875,1.680467920894623,-0.14470754916004822,-0.528109227500812,-1.827846749378056,-0.3416918095708984,-0.7586710783467967,0
,0,-0.28914528509564197,-1.4668499304350004,0.22251905361119764,-0.7807763877972038,-0.3280187852381485,-1.6301062672012012,1.6350635049584084,0.03694580379553922,-0.4887209392164791,-0.24588370498535342,0.2920027752575361,0
football,0,-0.36185095825112507,-0.07826157296177831,0.9120669508847388,-0.8038963579913593,0.4828534406787818,1.0552044994984222,0.4646837827946267,-0.12344100474766484,0.21578994205290597,0.9003330675045835,0.4914903799245948,0
,1,1.1845058437687186,-0.8024577619910562,0.5189665442456294,-1.408784312419046,-0.09556815917243938,-0.42218873227024073,0.997853017024762,0.5015439967541162,-0.0102490211231047,0.11590603027818577,0.9649698998739005,2
cross country,1,2.1448874361925756,1.9963019921600673,0.3884334058296294,0.6733826769506532,-0.6640399413261722,1.041987114609071,-2.52335191190225,-1.7204421073064269,-1.3254025985374271,0.5477495146848774,-0.7280625706950301,2
football,1,0.6773273713938845,0.3215582481814706,-1.2491781857355357,-0.2970030073968664,0.484973301972217,-0.05272280195867174,-0.1661478202965366,1.6801962718275691,0.6535333907910562,1.3039429012539863,-0.5688514239063425,2
track,1,2.715047997783272,1.7227734820958476,-0.581293077300579,0.08648280190464715,1.6516719810733433,-0.3572406578690598,-0.6277513430911883,-1.6925885401143,0.03510004314009793,-1.0366672552304936,-1.4230931368974518,2
marching band,0,-0.10435228598083802,-1.1725614497719727,0.04348014614685878,-0.6311311042601951,0.4448345345155079,-0.2746297072779628,0.5447010649666599,-0.9656912448341268,-0.9284600777650613,-0.48266706310752866,1.1323238623282665,0
soccer,1,1.29208550107672,-0.4205372270196898,1.0418696360194397,1.2542184529599858,-0.06996019643595577,-1.5708556971377956,-0.5963390465963174,-0.03420253156987742,0.3580374587030657,-0.096335347629137,0.6092371055935684,2
,0,-0.34742778090381043,-1.4960748527344843,0.2946024774775355,-0.5475977768609425,-0.5201316952161825,-1.8965471004175116,0.7153023922083537,0.6083705516203466,-1.1000940251844904,0.9027501898391147,-0.0010818019611163363,0
,0,-1.4313941798336212,1.6984598532679072,0.6174856914017238,1.2592060597909058,0.020456691605569,-0.07442609739570678,-1.9386836520144122,0.47811512569696607,-0.47269157769506276,-0.7634616857780224,-0.836646950627479,0
tennis,0,-0.5536057790803721,-1.1775849449024522,-0.8625991855154675,-2.710199325033253,0.938630139028941,2.1053219057397974,1.024681656074413,-0.0608000319541014,-0.6632553546276354,-1.1505784195218542,-0.5769474356310971,0
,1,3.404701250027738,-0.24831010682943344,-0.10036389059829737,-0.5743484563990209,-0.34992084047827726,-1.6814129475897703,1.6149200185981487,-0.6416886870067913,0.6291198531453951,0.7374343652688862,-0.11866715826220141,2
,1,0.9945538961928989,-0.07926452987450738,-0.585327703291683,-0.8264685239052769,0.9989811081781047,1.741170519914987,0.012283930291177513,-0.7128190151328453,0.3384952456643964,-0.13660959581629695,-0.6542877687917856,2
soccer,0,-2.4345569783357646,-0.18236783965488554,0.18091999628460137,0.6310784693936706,0.0789262813437683,0.0014541250245145988,-0.37631104897431294,0.2887171105070434,-0.5821900305216667,-0.4815291812327042,-0.443623453794143,0
,1,1.255921282002259,-1.6409781037081068,-0.14918036571121476,1.553845272607672,0.9673892342386247,2.5148728677876067,0.6240022133530417,1.5581352410402305,-0.5479559426828086,0.6168831821577211,-1.0452478421332336,2
,0,-0.9037696851744466,-0.3662932253320519,0.10980985044372665,1.3530345705735605,0.5760782692620549,-0.30832184035064736,-0.038826289601285445,0.8601460363959492,-0.38304902604333535,0.03846043065858909,0.8534504424319628,0
,0,-0.3830893522395897,-1.2368844936443149,1.2936607256956376,-1.0304301065234445,-2.6612458838743853,1.5115036970510833,0.3235763414864922,-0.7699877249452841,-0.4497364053380486,0.040150006651102396,-0.4913352862586902,0
football,0,-2.272137371874694,-0.01844743039503951,-1.3573544045832355,-0.09269266430111968,0.20206946700341313,-1.2682478491168439,-0.45969434619241334,0.1283094013876419,0.5476235668646839,0.4920772339226697,-0.07195076542163066,0
cross country,0,-1.5630809204336504,0.3429634570133488,2.187066817179245,-0.797605718174167,-2.4285167175872244,0.15097578133227216,1.8530892405634423,-0.061108311774684995,0.1524990388775125,0.06072240589690239,-0.41517199538826355,0
,1,0.22787060317451405,-0.463605192069386,-0.18986313264940397,0.6259655237723111,0.30895901514621693,1.430811802478454,0.28612596771132637,1.9830474722657765,-0.6797738116016638,0.7345108071629471,0.33273458098137454,2
football,0,-2.0999784912711372,-1.3343733503731523,0.02964545406008919,-2.9593653213436144,0.19262328738792628,-0.09972696196860206,0.8439123096053925,0.11423209745737367,0.9012320844711232,-1.0675083278814532,-1.3430763070844542,0
golf,0,0.6554778394130069,5.823975769151161,0.6949641058827629,-0.7751138865944339,1.5320624104420257,0.19392937251679182,0.28941597131739477,-0.7004671997979328,-0.6465351122567425,-1.730836151378096,-1.8313889668685384,1
twirling,1,3.5020547586162047,-2.088619123119118,-0.5250679323871893,0.7655279863607118,1.6252865222185695,0.6013628489665537,-1.7354222207059837,-0.7904730266643653,-1.2438026379398341,-0.6439820994194989,0.16646757330202863,2
wrestling,0,-1.5328202571883889,-0.19613949592022267,-0.6854037567826824,-0.7034912412738297,0.40538215011159495,0.17262121059250118,-2.4126918734930434,0.04073145122491007,0.40874349751027406,0.5367551626331006,-0.8080898696735911,0
tennis,0,-1.1557371608371745,-0.40697302514290395,0.7743647385771204,0.009252165122152116,0.6005878069086824,-0.19038247848745996,-0.7571530328260312,0.3328899174306709,-0.08857040472646133,-0.5326906127690672,-0.2453642823654595,0
soccer,1,0.9380488000778479,-0.4709059829139213,-0.16453980982531619,-2.2370468352149726,-0.46851171191716207,0.3550278666280857,0.24978507101967645,-0.45517373577733244,-0.08630735671341962,-1.0391184398387112,-1.5346670149103907,2
,0,-0.02545719905120654,-0.28861050548206735,-0.23828719425793773,-0.14023325103342552,-0.6240504524151452,-0.9747857775282028,-0.20127639549532544,-1.7390070054856002,0.10239665301733994,0.6395849311418176,-1.0357966520975257,0
swim,1,1.8358476311152712,-0.4866152553500465,-1.617958582626812,3.6994508748540653,0.8902857155559799,0.1918789512300738,1.405962364415304,-1.5168097139044459,-0.8111395600093058,-0.9236529156550027,-0.20532474956389138,2
basketball,0,-0.4169714208385296,-0.12808488445020785,0.05179683674140544,0.20053097843611514,0.7608800215882828,1.0201438368420686,0.6627278376050636,-2.209530271989832,-0.21214247053559337,-1.4982080279339656,-0.44115622443513003,0
,0,-1.0324557257181504,0.6884320259242382,0.20265341164627543,-1.1511363149433809,-0.962612460343849,-0.37373074560905056,-0.892714140592344,0.8635683528178668,-0.7222091331480198,0.1965525502465809,0.4992702087801176,0
soccer,1,2.342382262581666,0.6951680052688869,-0.04092376902581532,-1.8692237033982984,-0.031894928793429055,-1.478914008134954,0.6312661263057724,0.4165217870139931,0.5375936919363118,0.40020880041835954,0.222083435902131,2
soccer,0,-4.161833805230943,-0.13325843897240577,-0.8188258937810994,1.7427817100123384,0.3428348036315366,1.6897850454816479,-1.9166812203904597,-0.38387168840645813,-0.6185312414422841,-1.0817660253227763,-2.0194628460293473,0
cheer,1,2.9344116182124216,-0.8537554450713306,-1.419086523683925,2.952826917958973,0.47962210323969845,-1.2030552335739553,0.7351238038138838,-0.9631416046546959,-0.2746285865596152,-0.6352472489717691,-0.11396851977518248,2
soccer,0,-3.282989144142433,2.1281479465355817,2.5541417613048156,-0.3593436379535337,-2.49450801148182,0.7640506903753554,-0.47149483323616925,0.5858747992327207,-0.37208157341078696,-0.20894075501788195,0.27954682507739215,0
horseback riding,0,0.058009118463972074,1.6386448295842087,0.04938264975537913,-0.7515441749481067,2.0905000554113826,1.9499285504731152,-0.7369694822434846,0.02394294154284036,0.2690424400965448,-0.162793273348374,0.5271738863030808,0
volleyball,1,2.112491025086886,-1.3065317933086382,0.28267687798988994,-1.824552452085431,0.0622146581349962,-1.3834963457817055,-1.756812412312868,1.4774083427118923,-1.3212382763357373,0.9171271690314589,-0.32229962330681844,2
track,0,-0.4287216653153621,-0.542069123509538,-1.3246839291204187,-0.6806096379574397,0.17994225300825645,-1.4929505845349924,1.4168588498799803,-0.42669250402920983,0.842418932908992,-0.27848767716213896,0.5552051792390498,0
basketball,0,-5.587587684987934,-1.055316231197985,-2.1137835265770906,1.7070551911561642,2.870995157923982,0.250399645898863,0.34099667048573207,-1.6116799713680423,-0.8295085521998489,-0.4902509323552351,-0.6371724130711546,0
soccer,0,-1.070977734007381,-1.4408303508573546,0.854021026899716,0.02930642314599653,-0.16677279059823505,0.02737686161764582,0.33347545073439583,-0.03331185706305595,0.7770041717314675,-0.04271930627400315,0.928553432468436,0
,0,-0.2641445813866389,0.8233699006072206,-0.26136216410264274,-0.25010606715101347,0.27982438885630945,-0.7059055498658445,-0.769823932516802,0.037196204349263816,-0.28624345044977145,-0.4862316181273487,-0.45912328661970836,0
cross country,1,3.2471840773963,-0.0640631240269437,-1.5943681224160147,0.051623739136675936,1.6055481244425256,3.321005667769768,-0.8787873126577459,1.1784032769199269,0.33927582173850146,2.3615797950418957,-0.6325275343769131,2
track,1,3.3401168119788966,2.068729370268234,-0.2690869505827768,-0.7032357089876078,-0.43783547369677356,0.4121021354945091,-0.9210528276440472,1.5258567308976034,0.5359034229736481,0.04582412779031621,-0.7472758094820425,2
football,0,-2.564222692550173,-1.6802845089160903,0.27813666345370713,0.3894380563248057,-1.00994454723902,-0.21774026081949005,-0.2901912830389678,0.5726994740558118,0.0266492472470475,-0.24088382818264603,-0.09793047114857065,0
football,0,-0.4735892848667133,0.8758099439223678,0.17965179657048316,-1.7568059500627793,1.0868844982466166,0.3356912921958166,0.08894115519719492,-0.9416507903853147,-1.4185259977582927,0.7908308365872533,-0.7164748876745463,0
baseball,0,-0.9891310151526981,-0.7309184362514876,0.9315146056668757,0.3421106022498083,-0.3024237932842948,-0.5921768774317334,1.0122213957525679,-0.9827891882274078,0.8625582995528203,-0.3606951561290032,-0.4794943454324443,0
soccer,0,-5.288635455885265,-1.9092094782255578,-0.9414723445400421,1.5484905851399495,-0.24843793558753646,-0.7502674328124447,0.6710102130718053,-0.6788732637082444,-0.38139048130339537,0.7363581366754035,0.7804971585345266,0
gymnastics,1,5.818733527619761,-0.31011551430643647,-0.3970359920426279,1.3756013746359081,1.1223608844153667,2.215317946342883,-1.8969209306413428,-1.0155228555030054,0.4008198804564903,-1.7025374441784422,1.1593850537852721,2
marching band,1,2.128830550836221,-0.3370129156664508,1.6973789372227455,-0.005880144781799445,-3.095669975984309,0.24476391070090703,-0.11090964319519671,-0.6523341240954807,-1.1502857333382739,0.5577706254580811,-0.6843167271627882,2
field hockey,1,0.38096404500315006,-0.475952610098108,2.043300120769352,1.017316562367009,-0.5087214838968663,-0.6317593327516113,0.03393713622049868,1.1355486623129152,-2.2316544594505454,-0.131953796905458,-0.48308755603960907,2
,1,0.7752070589034072,-0.7645273638387828,-0.9710110729905695,-0.3717681858383588,-0.5881945188223685,-0.8859120176484349,0.02826180497846452,-1.5372828544365424,1.1254659318908837,0.5007765342245041,1.862389420621569,2
soccer,0,-2.5535746790758402,-1.392608922380722,1.498651351147597,0.20592935205920207,-3.3920643662732437,1.1619423371939985,-0.40160811618696285,-0.47840696490171797,-2.5221736024668644,0.5862475173929006,0.49260731184576817,0
volleyball,0,0.11382727118005342,-1.0690172475256932,-1.4378017929634148,-1.0014471614946436,0.6550679471257336,0.3920544160199413,1.0067018756640267,2.3077392982252354,0.7696876402291435,-0.09800605664959483,0.23746962551172687,0
track,0,-0.6863106201702569,-2.0515408505191006,9.291721116084114,-0.4113705683351538,3.9502613164610167,-0.9944666414231706,0.232014032964023,0.12181866254576502,1.533310656363137,-0.5998660739070724,-0.6229535738437916,0
football,1,1.9573594035485247,6.046735743374272,0.6189162308715802,0.6381689035451222,1.3266908117166722,2.795369834104204,-0.7194078652697876,-0.7725366877112277,0.6196629821961983,-2.2909880048192237,0.5894877053972686,1
football,1,1.3452602950012515,-0.5373130057069192,-0.581585658790177,-0.520449693506192,2.402180250452921,-0.974989353547335,-0.31975888640387845,-0.7335157818300976,-1.3236752373078424,0.044275042615382745,0.6875391389553703,2
,1,1.4353281782738458,0.1205548916222642,-0.08655044006509575,1.6597406461285296,-0.028768972128515317,-0.6129271442787959,0.6680954272224894,0.1651043778444173,-0.08013781037894065,-1.2977356231016992,0.045091411402978315,2
,1,0.20077485893777808,-0.15498099950097882,0.12376375363592204,0.6473671175589424,0.43516102779386867,-1.056545002866806,0.430219859989118,-1.592273635737291,0.4652332042669866,-0.16620524370945072,0.4184006905602886,2
cross country,0,-4.649671203462709,2.179500255291932,0.4228764183416316,0.6228285304993435,0.29716899110508255,-0.4612200191735535,-0.6494032176049294,-0.9419208464477422,0.8799741560602937,0.6384001101129528,-0.27332736228622423,0
volleyball,0,-0.9562856637101621,-1.2949438327929523,-1.209230527837654,-1.282260622348109,1.1334506162294815,1.1748606682088547,0.0006803796333188171,-0.9111402494358047,-0.7313180152048642,-0.014048356527019136,-0.7098636289039879,0
,1,1.2759748797047077,-1.547594916748632,0.8635762437018201,-0.4736739001411699,-0.35755705116394104,-0.7917175038450955,-0.6183458157597501,-0.22690929521960268,-0.6757404549030287,-0.3483338078488123,0.09257508970140628,2
track,0,-1.6202906389232354,1.2857034099241538,-2.6722190493054576,-1.2413747668512047,0.28921663980730267,-0.31098755860856026,0.37821261853059823,-0.006793785158977124,0.4996203880403911,0.38124183603329653,0.6965910618084091,0
track,0,-0.03358120406719406,-0.683020699494874,-0.18359143619971774,-0.9732422946504438,-0.7104740632457236,-1.104530985925066,-0.1717919145932405,1.0269291356554822,0.4869427392323803,-0.512004206995631,-0.2669992496957595,0
soccer,0,-6.124161924199195,-0.98587808928942,-0.9098055344402579,1.4443388376946191,-0.08768284628702368,-0.3822014463253565,0.47646764202152686,-0.7575328721101555,0.6119082398109317,0.23894172815642203,0.1785519080522323,0
,0,-1.8803111414084737,0.092542636386515,-0.20779180934424535,0.042299402230113796,-0.46398013614487266,-0.10162080524461689,-0.02474286313379537,0.9317088157188188,0.538881773159005,-0.9491984920771155,-0.36302857807689437,0
,1,0.34971138120154,-1.5437265360841832,-0.1079285693082753,-1.9901077512173926,0.5048206873725963,-1.659236968202719,0.40311391507954153,0.47284334406054324,0.7899485453819854,-0.3976101145800693,-0.08421738580724805,2
volleyball,0,-0.9494157776419342,-0.876115318877313,-0.10994008555034347,-0.9465351932375876,0.6793995529649183,-0.18166008795763194,-1.7857318510170996,-0.8696403168518898,0.11840174406064129,0.3190450292195313,-0.35568934187241885,0
,1,2.3438691510446943,-1.5620186096054596,0.007600993642287072,-1.0289672745481082,0.33792815826062184,-0.2958738499819334,-0.815792746235384,0.8747586380072463,1.159099195985185,-2.0750361771974495,0.5231450456543612,2
basketball,0,-5.078061509248755,1.1637032356406911,0.7415297225306845,-0.8886603898609755,-2.470496918991317,0.8872567061150333,0.2692873298181488,-1.0799820739375063,0.5415378064706703,0.16720364526613343,0.1921227596939034,0
basketball,0,-5.053527713256088,-1.566600292278487,1.0194283708632932,0.657828166502102,0.6468837699918698,0.23910407880555243,-1.6725557807185925,1.4049339758928805,0.2123080209229775,-0.28242673560569465,-0.09198285757079026,0
,0,-0.027078662563580807,-0.1342947091445978,-0.5558256452201155,-0.8773893763800273,0.37374189113843137,-2.187178251262537,0.8920767847888296,-0.3913990784649158,0.5845111974991234,0.09622633194837645,-0.18974391762957202,0
tennis,1,2.334608817251751,-1.4427221013881184,0.879821196126894,-1.7341179063139356,0.19201306081108083,-0.9886397586018332,-1.5780813773235418,1.0882391592992235,1.068615950286071,-0.29180978029264143,-0.7972665174041533,2
,0,-5.962878804974046,-3.6163053989814737,10.446985602528551,1.591178444020763,4.917919573783023,-0.8660089814417907,0.3266054921730925,0.15659688527250007,0.643820196820173,0.1311278043823693,-0.41619113128820706,0
field hockey,1,1.3838429285918812,1.8757532429981445,0.1112991597566932,-1.179965863459966,0.26200362031466956,-0.49950938858888644,-0.13210382268086956,0.7684975504316732,-1.137121163992973,0.5208356876495592,-0.5821208608244126,2
,1,2.4887132093094912,0.708429346702696,1.418119752017466,-0.43152190602197665,-1.777280445017978,-1.3566201087735554,1.2832983672418814,1.2940748186192317,-1.2343549577526094,-0.3231156935637375,-0.17436643232645443,2
volleyball,0,-0.7871452969100368,-0.8965324332298958,-0.8123834393693204,0.3565376224342291,0.9364408521884028,1.5995979781330611,-1.1825754382208808,0.5438674942328334,-0.28325705863357964,-0.3850993663381944,-0.7347496710796383,0
,0,-1.1594178403160176,2.1508036165850384,0.42959389644012813,-1.654333827895573,-0.8393373439236728,-0.6047612117545391,-0.4956525721845104,-0.11299739541197965,0.19873540198412118,-0.06093112859932475,0.2526595090812345,0
,0,-0.7172351313264799,-2.083438929197305,-1.6656801641873107,1.689985040667694,0.04593346666927128,-1.9596886062265602,-0.5260023224318326,-0.2483017436407701,-0.3945284507550322,1.4552826085620019,0.11752641716238474,0
,1,4.627159740449793,1.6741167773595216,-0.6408036100930343,1.6753154695023391,1.6016250497750497,2.0120869656097264,-2.3283964287235,-0.9264761616270876,-0.419635647211792,-0.6919122525668062,0.9157567834603081,2
volleyball,0,-1.2168307606936728,-0.9836334583175129,-0.38989332633337304,-0.6757100078984937,-0.702901862063857,0.9921319448278316,0.17588778237351516,-1.4902380240574673,0.20347411912799093,1.0338183873291231,-0.14656972539101562,0
soccer,0,-1.4041791918759923,1.186722675118664,1.0333690603052124,-1.9408373744256577,-3.6368550805003417,0.5454921221266461,0.01807979505147605,-0.48075874618301884,0.295079583773269,-0.45853484789212084,-0.007467781660836394,0
,1,2.411954881550263,5.814597620989747,0.8838836346937609,0.08925677344192423,0.2450322074602834,-1.844171261901403,0.09014120072268221,-0.37168717203284474,-0.7108670436142702,-0.5860760655233789,-0.05386956870133683,1
,0,-1.8725977837837104,-1.683611389826515,-1.6674620117254044,-3.5259230044441083,0.49503357436764445,-0.895077566357056,-0.579823216941375,-0.3951435931908004,1.0429680461903206,0.8308939447198579,-0.14921178906489221,0
,1,1.0990195156171627,-1.7490234314105952,-1.7083689158073454,-2.086147524529563,0.6220476978033433,0.025672858841621148,0.6462007101249148,2.301469956531062,-0.0705353371021101,1.6341645212590212,-0.14451410502533413,2
basketball,1,1.949685188138679,-0.8661622255491828,-0.7350179598629618,-0.1903749782152974,0.897557558483641,0.1440625709075808,-0.7538204283080908,-1.9126223965470321,-2.1226548850589597,0.0002456346895317378,1.0236169251512142,2
football,1,3.0303521043179265,-0.6744692320383002,0.4366609971292965,-0.024779595226247352,0.20623790600987976,3.1454662476264668,-0.5696233587650906,0.05853464938299463,1.5060952160507755,-0.7253219054900825,1.3277219658968267,2
golf,1,1.783702569756762,-1.9943301332191352,-1.8950977902008084,2.0097207360039855,1.4662754300745469,2.5999690021528243,-0.0788358358095858,0.3188472909186156,-0.7520658514815163,-0.39555714553993165,0.9511563383271167,2
cross country,1,1.3902701264314654,-0.9447450967936808,0.36628402565408147,-0.5561682929931905,1.6302772834504096,1.0530827744049753,0.8987919166138927,0.6828319129163795,1.6031231966452402,1.139631496624385,0.7043148394346512,2
volleyball,0,-0.07819573682360213,-0.11468482480155293,-0.5983423046525482,0.11920136996706411,0.7142237643778957,-1.5631961382206347,1.8322716218335422,-0.47117935745261263,0.6471589960111371,-0.4362863885764251,0.28278176573977165,0
soccer,1,0.614086245591748,-2.6574608207295407,11.162813706598808,0.21419729520720696,5.020909645489133,-0.6181988383296855,-0.17919695057999882,-0.045731411091744015,-0.29004757740891207,1.5336512511245952,1.1557675693618652,2
basketball,0,-0.9424130934311676,1.8350557967245997,0.5155453512405699,-1.3848158676030482,0.5730260860570769,-0.3073227516150195,-0.9315004754278629,-0.7761760315929607,0.15880856778110775,-0.46012296995172347,0.19956472789686544,0
archery,0,-2.766324465592003,-1.7467047815673074,0.2339009450868143,1.101322661240509,0.9829998981360513,1.5644959798696503,-0.9990727627051504,0.02771109226325365,-0.848111813805108,-0.27641398496838027,0.03457594768541724,0
soccer,1,1.102658706379218,-3.0957708503366863,7.754752530505633,1.3791562483869144,2.730509159385508,-1.8522834096195324,0.36435277293193086,-0.7887352031347905,0.7097073870608301,-0.3217078677799008,0.09451047177408392,2
,0,-1.6525434823179086,-1.4644336883141043,-0.5674716572850843,-2.1465480117887603,1.595750111359641,0.41344579122906255,0.4975028541423208,-1.5091313360700895,0.6529952906421806,-0.9671540136273877,-0.022969571275095097,0
baseball,1,3.7922717964274595,-1.6004861294404464,-2.0259604744087225,0.1343233732302072,0.031506179034701834,0.9110201729793905,-0.9618370047185719,0.7497512250244762,-1.215363737718573,0.5371125535256891,-0.5426604976129762,2
,1,1.9175952824140992,-0.6611900755831106,-0.19487369246810782,0.6752737970368629,-0.4625909911884271,0.426576463588251,-0.3869555611489716,-0.5028765146125036,3.359838599002882,-0.6899863661729209,-1.1111104501077584,2
golf,0,-0.20798673870165874,10.876101326711334,2.20978523504537,2.6127443356517794,0.9027840849330792,-1.6790582522301472,-0.7304594427744581,-0.24436214990523222,0.7552526414624176,0.006877745806099979,-0.2760938894422625,1
volleyball,1,1.8444090603322125,1.0086337943872246,-2.0335003127698617,5.3976058640269295,-1.152170545529284,-3.0033235527054107,0.9943803058260366,0.4498037027610308,-0.19356056017794734,-1.25156172568671,0.057040647265064005,2
baseball,0,-0.6037254108165778,2.2332563434328003,0.1997857882457743,-1.58256925617159,-0.2140352725361746,0.16502247287445193,0.4300710214406082,-0.941013399202031,0.13940876973771776,0.30415537849150387,-0.7238532562887107,0
football,1,3.821099736676761,1.1493115441143023,-2.306394146082386,0.5688200584572896,0.18985596671830648,-0.43956610365063625,-0.6668519345590147,-1.4041105820116722,0.19701889567533004,-0.21532773468114022,-0.474968329025051,2
,0,-2.5798813590130694,-1.270375042564329,-0.7551459528392599,0.18825008545356509,-0.06463166008192128,-0.09657561058490209,0.2576936767266252,-1.4020997929545767,0.11786849420306841,0.2359133421572672,0.8675521839795075,0
swim,1,1.0615178786283475,0.2088971111738404,-0.8703751861040305,-1.2798572315874663,-0.3295659413634248,0.3854469261104109,-0.7634347143679926,-0.16460197764082027,0.3695759691786368,-0.986454390028575,-1.472432363604588,2
,1,1.9449328729042892,-0.4550258282842752,-0.7180376748030981,-2.039834047941212,-0.9575407533285473,-1.4045456025913694,-1.4266422211922325,-0.7588094088689066,0.3856544582082679,1.0323996400595707,0.5142022520592116,2
volleyball,0,-0.32861908748751534,1.713440234420513,0.7709812279495717,-0.1938946576070955,-0.019408393791200764,0.0031009469872696174,-1.573135823033012,1.1865497160719716,-0.7910482061848209,-0.3583298379494268,-0.9147148301709199,0
,1,2.0751345530401917,-1.3770123364206335,-1.6897480229786381,2.078781721018149,0.9704534693789083,1.7923987461225237,1.2588594713845243,0.012996571096764225,-0.6515925469823689,0.08837713938681803,-0.5123840356517274,2
football,1,0.7727889352234335,-0.21101478838206716,-0.8575195384941355,0.9136513621993058,-0.515030338491226,-0.6714710021637703,-0.4263482374439517,-0.06503217411503887,1.0678057737885323,-0.8503790966156096,1.0865466243947137,2
volleyball,0,-0.2484527731155051,-1.2462970516339766,0.17397173828620482,1.4789208812351051,-0.3021415350086328,-0.4285663359791379,-0.38585752756247454,-0.13703661753772187,0.37517547998709994,-0.7736849911158865,-0.750142513373951,0
baseball,0,-4.014167226787003,-1.1505731747873438,0.5348763142861248,0.17783388492081872,0.20678452364948238,0.8230837063126613,-0.32130748394770264,0.7544695901264906,1.2534905119179378,-0.24415007686981424,0.05513897634805653,0
soccer,0,-2.5181892229978464,-0.45586757396634314,-0.5993832980542608,0.8528965383310192,0.03708387489265912,-0.33157057420200303,-0.6334138837383803,-0.5469778710514972,-1.0097807222730875,0.23571323431817254,0.04807647799979784,0
soccer,0,-3.4941661628766503,-1.5948103625563597,-0.17451989687762412,0.7371230985581834,0.19239333042335768,-1.043277436032984,0.4150709076507235,-0.6127859879778116,-0.09952196910500083,0.5698952644053776,0.02325397031891954,0
,0,0.06474995309077093,9.992695303097324,-0.8334404038047543,0.5353259419308221,2.731025627428984,-0.16302881336910457,2.052926642356817,-0.4358074045468612,-1.9398805144615092,-0.1281041386781185,-1.0166955448337438,1
tennis,0,-3.166055503571825,-1.5695906600033684,-0.8134872617957865,2.7204865439876467,-0.038772110215031325,-0.9677519719104609,1.3167951655581218,0.5333776093888745,-0.6885687266895432,0.2990051310798869,0.20867850691553919,0
volleyball,1,0.376574646627054,-0.7125123250405027,-0.67320345922618,-0.07506595810722563,0.771490177245599,1.359277374402427,0.12802472661998449,-0.781427461539727,0.5127235183237261,-0.6379098626161103,-0.4744082948055232,2
soccer,0,-0.8077609112541545,0.3330133917066967,-1.3940935180286023,-1.7048084400116301,-0.9055570006261857,-0.8939174945480423,-0.24638026732410412,-0.019894173011048462,0.47327526982108364,-0.24360968774118108,0.2593816902644553,0
track,0,-1.2843196776343309,0.6979341680316563,0.39641439766855047,-1.4217226121240298,-3.0462365268083125,1.057030643181909,0.410811297795809,-0.24406864991498683,0.5221343682872882,-0.4160563287294445,0.41853896289706843,0
volleyball,1,1.7714353792813768,-0.33073758083038424,1.282200966515412,1.0929504051745265,-0.6114452840145663,-1.2771112305599375,0.0725160533950449,-0.6659444527006442,-0.17852557423455642,0.18291204069054062,-1.5744965259412989,2
soccer,0,-0.7625119047948166,11.300449629808565,0.8343440207595747,-0.7323630577910145,1.0325542159282004,-0.53880342361697,-0.6545674824153521,0.7160009615423414,0.18700964775257983,0.8010489705100442,-0.37433196306341626,1
swim,1,1.4329289905741125,-1.1155733660548477,-0.9875423310154685,0.3350135950901858,1.2991643902018588,2.1036678735266325,-1.5595981578717644,-1.7380016939705747,1.6263212339334108,0.4400883438119541,0.7306302068910988,2
basketball,0,-2.6565364575280968,1.6084062220986464,0.4547365428588824,1.635882648372381,-3.1846159498890394,0.4478634774672153,1.9647693556211918,-1.2104086744820182,-0.6748502429678792,-0.24628035241664376,-0.9174400082098326,0
baseball,1,2.030734825619149,-1.2568914907871604,-0.7057146523107962,2.1901921264858157,-0.024034499073849556,-1.8046895953849929,0.6174615827341333,0.9913280705306398,1.2846618823021139,-0.6607207408057058,-0.522436494913787,2
soccer,0,-1.476318107424986,-1.1806506937077175,-0.7974593379675113,0.2724286051002595,0.33879343442631643,-0.26825049065622925,1.4432764270072926,1.1293026956612073,-0.5807544957647306,1.4675270681546322,0.7115787454150238,0
,0,-1.6459828025810368,5.8394847850188105,-0.8495086322446003,-1.3253939961353902,2.617984582986727,0.2888544676675432,0.6972472467058332,0.22155372745164267,-0.15219747072273412,0.4819551586153707,0.6453546268582536,1
,0,-3.9138741955964154,1.8332999754814348,-0.6411181522838745,-0.32100285111624605,1.3758421254362603,-0.8665765270948947,0.9061496183939793,-0.44268022770671256,-1.0389023307790157,0.11570921638613427,0.7244106795929512,0
soccer,1,0.7311743344404962,0.8427938496669235,-1.5810579561858469,-0.6604388739765731,1.907554086255547,2.0953929659941704,1.8589354527726059,-0.352311777895257,0.7006910364061322,0.014319455727974363,0.41223122655318123,2
lacrosse,1,2.9963326013014053,-1.0187997940363562,1.3624710248451852,2.9017791334128167,-1.1233547417843193,-0.8110440802959057,-1.515534950018462,-0.3828744977308939,0.2527615667177024,-1.3322604570818217,0.45851058377796494,2
,0,-3.7372510460569983,-0.09172521463119777,0.3272924587397182,0.10158308009353603,-0.41580907387435717,0.00513926339464151,-1.1074293603025593,0.264486462325321,0.4499600508154589,0.03246327023366316,-0.11930172447139702,0
fencing,0,-2.2855277413121464,0.047296971927343695,-1.4222109830538618,-0.11071885439055064,0.5139355649956506,-0.016374468081060033,-0.3091964633016162,-0.7974549226029096,-1.0082743019928155,-0.07158795222887986,-0.6784457469354757,0
golf,0,-0.4617471250439112,-1.5109416670817788,-1.488633727844918,0.38269828792776395,-0.16561639656702248,-0.8751601015667011,-1.2336590693952707,-0.5583370288517077,0.07700913290446665,1.6349943282310022,0.6179528214927141,0
soccer,0,-0.310740928222052,0.08223395580285672,-0.4694787989694909,-3.7199984760966824,1.8552254582912349,1.3220219977725602,3.616749447949216,1.8181937332487503,1.4205882530965874,-0.9564414620056388,0.2645277602667571,0
,1,0.14734318592551784,-0.7117011341357149,-0.5541973318003297,-0.10144562827622201,0.916802277915245,0.2683541734697349,1.493195193788595,0.47868480853193185,-0.15033153169432378,0.5152462120787277,-0.07963071637280536,2
,1,1.1079705490312195,-1.727537180663394,-1.4242855771885692,-0.7452262431912181,0.17840997703740438,-0.6683357207638301,-0.3798385612394189,0.4608875922120492,-1.5763120797045111,0.2795347164090229,0.8517206159861923,2
basketball,1,0.7928277742360265,-1.3525280199167542,-0.5684787344258553,-1.3607265253744243,-0.7730415870902835,-0.8059795749111099,-1.3440510547147815,1.2340044534856272,-0.7960676446918563,-0.03319288720652448,0.1235554842616703,2
,0,-1.1489015102459603,-0.7182434799991355,0.22113015760984908,-1.1515016334440737,-0.11518061596991333,-0.4490587651901625,-0.5387702136126317,-0.3503273280307155,0.7045496838826197,-0.015517834304291253,0.6418539185807833,0
,1,1.862523897137609,-0.5656419848838611,-0.3727302193888065,0.5016982161437534,-0.39769138052753655,0.7721989305545293,-0.06917360272453535,1.4456417345802142,-0.6525328543089532,1.0949841385621164,-0.17627592586429616,2
,0,-0.47053372125260556,-0.0807356330781915,-0.8859262392244995,-1.2797114553077082,0.7000316259150028,0.6873938612351861,-1.0203548596742393,0.17408146129790214,0.06189996369130526,-0.49083545439374016,0.599758010502717,0
,1,1.9178299652907593,-1.45680159423898,0.18087082667105225,1.8596347453376307,-0.2986077079768456,-2.2319335226918144,-0.16371077779782275,1.5061912328853484,0.6248826452021327,-0.5405097923517466,-1.4342977770168153,2
soccer,0,-2.3825525244350714,-1.4217939991213255,-1.1066465884193255,0.0719341632815477,1.898920421239494,5.369755270603096,-0.6778619743032857,1.4941597023807363,-0.039673459691072784,1.3142619840975485,-1.0117843151779864,0
baseball,0,-2.2769322206445217,-0.019890267135657815,-0.6716335026258152,-5.04281686279885,0.9572833382763745,-0.2507156901230491,-1.3307903308403268,0.38578644227049813,0.5205006060597074,0.06846118558255875,0.5882735265657731,0
football,0,-0.04805211079431324,13.986581572589811,1.3862350620418507,-0.1337609060766399,1.183194218881244,-0.5389005079147323,-1.2378908634233379,-0.29528640292376485,-0.3773786382174022,-0.3161393448504294,0.9086844447208046,1
,1,1.783095596794172,-0.445239196537063,0.6208146513729166,-0.3309593897689018,-4.110189370428364,-0.16568610990375926,-0.7978151576954289,0.7979594168035117,-0.605721883358681,-0.17932313990223941,1.584483174189413,2
cross country,1,0.7860828398939393,-0.8696899410792759,-1.3252587756924477,-0.014583929033690496,-0.12669254865961133,-1.3375790115876443,0.6756689861247572,-1.142609398610326,1.0142927204940626,-0.21474755321349512,-0.9255561091142706,2
soccer,1,1.124486463959299,-0.9885955193779498,-0.35862920765808226,-2.6722237013010086,1.8467848262339457,1.5007318276976982,-1.2665199180185849,-0.016804836673284702,-0.8151964444263584,-0.3906140323517296,-1.9306711205526963,2
,0,-0.22382809587687136,-1.7589641246632526,-0.9455484028430399,-2.0554113220718198,0.7726771842168371,-0.06445557967807423,-0.32363575225404323,-0.6765543222260747,-1.072812132610945,-0.4144221507158278,-0.04152204117829233,0
,0,-1.2959464217114591,-0.21424083153222553,0.2005891690853269,-0.4190213824176075,0.27590966769741854,-1.1447979947880305,0.28506273454708164,0.24242323081124062,-0.011267105866899144,-0.08758479504152339,0.09336441807710273,0
field hockey,0,-0.32527520233835616,2.418419644363651,1.4332633254207456,-0.04718221995131558,-3.177338985561995,0.03563539357755042,-0.630192886110555,-0.8480181065609746,-0.09632607438588987,0.5418017513204247,-0.1220789524754686,0
basketball,0,-0.4436260157470813,-0.8949182749405621,-0.23872897992429945,0.29135404313615115,1.0451659984493307,0.8349860855967504,0.1578413000647715,0.7308424090802053,1.5807541418061706,-0.6786390728095693,-0.840184550300935,0
crew,0,-0.6963897181921923,-1.6545588162225133,-1.5890231281890055,-0.10975066425026028,0.5173538113093076,0.301451884790989,-0.3460563725680237,-0.3579166953656963,0.7191823516412393,-1.351847273103577,0.7602905119477807,0
,1,1.6491442598247459,-2.0029487375874266,-0.08009734038589102,1.8189651478039561,0.16243409560069758,0.1827882502473048,0.4460696254561887,-0.3228989005303784,-0.2482362540650458,-1.3287770912258785,-0.45294537733419576,2
football,1,2.1453130669605276,-1.6552258141264673,-1.719405702266155,3.624408175696537,0.14334329508431484,-0.28735303431414355,3.061367824785072,0.6289181456529523,0.549817261821445,1.1227480550977125,-1.1852381467402169,2
,1,3.287973427744549,1.851967020671403,0.7861331421322953,-0.14181733094296783,0.17935865651341673,-0.4314990914084775,1.1952393892381719,1.2687082736398685,-0.8850486086739962,0.9938473212827904,-0.6902970227919826,2
,0,-4.212843410416719,-0.1597007020309069,1.5477608909434273,-1.0831523589881413,0.13523493735228095,-0.6204538617061329,1.1713205849978081,-0.05752748715388607,0.8266988165467276,-0.015475770086564514,-0.5661259280449867,0
,1,5.201500624890994,-0.011380128852790685,0.14039478391391244,-0.3911300044988235,-0.7949068229854964,-2.0299521331972867,-0.6957679609125608,0.3147303853204362,0.11293452568726821,0.3763067081586322,-0.06785900802797408,2
gymnastics,1,3.7861578642179365,-1.80091546906738,-0.9991640728844161,3.0652833306085685,1.292974175443315,2.91817824624052,1.3937592939983985,0.7674681259275926,-0.2963390661926555,-0.3429873963342103,0.21738348902967014,2
soccer,0,-4.862500971031053,-0.5860633766441049,2.6875961299333766,1.8677367073814126,-2.9355183318884412,1.875165768005096,-0.6593933951652745,0.8926380182708518,0.07574936687843163,-0.49086549977891974,0.13253008699603583,0
cheer,1,0.4329695067048937,-0.5333176689642011,-0.9863131615883292,0.05628623801815758,-0.5094652873052119,-0.9047449602297424,0.6460953698949978,-0.25910220442890597,-0.06833544330217158,-0.8893924917111692,-0.45574648375009835,2
tennis,1,1.5896344810874345,-0.6785411532481455,0.3074181096013865,-1.4911781329010907,0.1988468663416317,-0.8748857751536644,-1.7636271266419483,0.6430876661391199,-1.1886811629875491,-0.26648319709331375,-0.7152867230231963,2
,1,0.2912482421345479,0.09706996801693091,-0.7245687999446481,-1.645006084149711,1.1552027851799944,1.4411192113119933,0.6009970275380376,-0.9544097094729449,-0.4384238979520626,-1.134646425309586,-0.2558826343179529,2
cheer,1,0.5951241072141336,-1.4353036161006927,0.7068518404237437,0.20362336266756262,0.07486106486299454,0.86455436384917,0.13707330112993907,-0.6225943315794807,1.0229406544873236,0.8494995772525086,-0.34509371463282207,2
,1,2.2762111351678307,0.49274947770695826,1.2292355812624451,3.2743301012330432,-3.7978972661049113,0.2345505875024772,1.8853778680141589,-0.3899047740010452,0.1484633122093344,2.076656109673166,-0.8193777112649132,2
,0,-4.144092016476189,-0.7488690396281379,-0.8588405605675569,1.8251122143891672,0.4357766372859744,1.733366349944964,0.00036662603526470175,0.025272253542506142,-0.9695536401925062,-0.1583551285893298,0.10739765195657634,0
,1,2.767793944185057,-1.7834309097856775,-0.2458221326976997,0.541616256441631,-0.9689034067100153,-1.7109346874034372,-0.33299377046707346,1.5532251359227973,-0.7455733995939032,-0.18215831060666074,-0.1996369235130444,2
lacrosse,1,1.5683294029920798,-0.0033134644944128357,1.0103312905803528,-0.02724170642378533,-1.4082955949397427,-1.3643235639780524,-0.5152701421140713,-0.7968455292345125,-0.3593392275527967,1.2309913095809324,0.210952935574992,2
netball,0,-0.1524804517680548,-0.5465898061237638,-0.6282762701047957,-3.4039885283889126,0.6065245867138989,0.6489558079025955,-0.8229898143589996,0.8646577150579023,-0.31509838844079785,-0.49761912190784635,0.7943433583499591,0
,0,-0.9376115448851721,-0.11222027367439331,-0.32105164662637875,0.12889730897014243,1.1919014168156141,1.5557811893019209,0.30233000596544135,0.20600330524542518,0.6001680860647675,2.013642988721916,-0.9948563823662453,0
,1,1.9105568712546486,-1.13728601290785,0.9101285144101415,-0.14887747450160851,1.1854767489287303,1.3807093961323007,0.8576288218532594,-0.14806225216804794,0.5164862504841741,1.1936551060832021,0.571586416409056,2
tennis,1,1.3149065244996447,-2.016994839438678,0.8149186380353776,-2.441620833414887,1.6288179673919203,-0.10233023558864306,1.072777840557119,-1.4056194298787155,-0.5796918635859841,-0.3043977962554172,-1.2616114661523288,2
,1,0.7097472035204202,-1.6583851088611017,1.8191002788670427,0.7019840299268075,2.468457548285866,-2.771842712589934,-0.11835285140584834,0.43976002132697595,0.22080447848605664,1.3628553720223027,-1.555352347282134,2
basketball,0,-2.764798586302504,-0.35948335332682424,-0.8751128352426115,0.5825362747013975,0.9754794774906218,0.364255889198086,-1.5220745246097485,1.3477521989775012,-1.3768189577749435,-0.14640997531769318,0.45376258688009585,0
tennis,0,-1.6826922701784834,-1.7864416815407147,-1.2540915475585281,-1.093974998817285,1.5694607916203422,1.35946695640764,0.42378523963564474,-1.0370694974908208,-2.796212510795576,0.21266776675333976,1.1021444006955794,0
taekwondo,0,-1.6847013802953013,-0.13663253553472113,0.23976823534925884,1.0527398347278678,0.23476462392095554,1.1141714550724544,-0.1451037969565592,0.15891986723519091,0.24184570602457897,-0.209031485791733,0.2780445992644516,0
