Sport_Name,Cluster_2,PC1,PC2,PC3,PC4,Cluster_5,Cluster_2_Label
football,0,-0.3367050392403805,-0.4475740656049271,-0.2170871358309855,-0.1472913082278821,3,Contact
swim,1,-0.6857462727260011,0.43674770797341916,0.0636578271627122,-0.021175089954778674,1,Collision
basketball,0,-0.33670503924037853,-0.44757406560492685,-0.21708713583098527,-0.14729130822788475,3,Contact
basketball,1,-0.6857462727260016,0.4367477079734221,0.06365782716271282,-0.02117508995478016,1,Collision
soccer,1,-0.5722685471068173,0.29308578983397143,0.23178284596692905,0.9425249246936727,1,Collision
football,1,-0.6857462727260014,0.436747707973422,0.06365782716271311,-0.021175089954778445,1,Collision
soccer,1,-0.685746272726001,0.43674770797342116,0.06365782716271283,-0.021175089954778566,1,Collision
tennis,0,-0.33670503924037826,-0.44757406560492735,-0.21708713583098552,-0.14729130822788483,3,Contact
soccer,1,-0.685746272726001,0.43674770797342116,0.06365782716271283,-0.021175089954778566,1,Collision
soccer,1,0.032206034217846444,0.8496734003872463,-0.2969906298719264,-0.00013070941983285258,1,Collision
basketball,0,0.38124726770346923,-0.03464837319110238,-0.5777355928656248,-0.12624692769293913,4,Contact
football,1,0.8423019587627686,-0.09177219785202977,0.2770398611218247,-0.3453878963621198,2,Collision
tennis,0,-0.33670503924037826,-0.44757406560492735,-0.21708713583098552,-0.14729130822788483,3,Contact
,0,0.38124726770346923,-0.03464837319110238,-0.5777355928656248,-0.12624692769293913,4,Contact
track,1,-0.685746272726001,0.43674770797342116,0.06365782716271283,-0.021175089954778566,1,Collision
rowing,1,0.955779684381952,-0.23543411599147873,0.44516487992604103,0.6183121182863311,2,Collision
,0,-0.33670503924037826,-0.44757406560492735,-0.21708713583098552,-0.14729130822788483,3,Contact
,0,0.38124726770346923,-0.03464837319110238,-0.5777355928656248,-0.12624692769293913,4,Contact
baseball,1,-0.11121385604751839,0.23596196517304466,1.0865582999543788,0.7233839560244919,1,Collision
soccer,1,-0.685746272726001,0.43674770797342116,0.06365782716271283,-0.021175089954778566,1,Collision
soccer,1,0.8423019587627686,-0.09177219785202977,0.2770398611218247,-0.3453878963621198,2,Collision
track,1,0.032206034217846444,0.8496734003872463,-0.2969906298719264,-0.00013070941983285258,1,Collision
,0,0.38124726770346923,-0.03464837319110238,-0.5777355928656248,-0.12624692769293913,4,Contact
bowling,1,0.906073957811424,-0.10634638631969968,0.3451408209891584,-0.27491265433021134,2,Collision
soccer,0,-0.33670503924037826,-0.44757406560492735,-0.21708713583098552,-0.14729130822788483,3,Contact
,1,0.2378273774381044,-0.6483598084053038,0.8058133369606805,0.5972677377513856,0,Collision
track,1,0.12434965181892085,-0.5046978902658549,0.6376883181564641,-0.3664322768970654,0,Collision
,0,0.3971707065612016,1.002490573122904,-0.46303314481909325,0.04396681221395774,4,Contact
,0,-0.33670503924037826,-0.44757406560492735,-0.21708713583098552,-0.14729130822788483,3,Contact
swim,0,-0.33670503924037826,-0.44757406560492735,-0.21708713583098552,-0.14729130822788483,3,Contact
,1,-0.22469158166670192,0.3796238833124937,0.9184332811501624,-0.2403160586239592,1,Collision
soccer,1,0.12434965181892085,-0.5046978902658549,0.6376883181564641,-0.3664322768970654,0,Collision
football,1,-0.685746272726001,0.43674770797342116,0.06365782716271283,-0.021175089954778566,1,Collision
swim,1,0.4932607252771458,0.7925495757263186,0.557784824115523,-0.21927167808901354,2,Collision
swim,0,-0.22322731362119472,-0.5912359837443764,-0.048962117026769086,0.8164087064205663,3,Contact
,0,-0.33670503924037826,-0.44757406560492735,-0.21708713583098552,-0.14729130822788483,3,Contact
tennis,1,0.12434965181892085,-0.5046978902658549,0.6376883181564641,-0.3664322768970654,0,Collision
,0,0.38124726770346923,-0.03464837319110238,-0.5777355928656248,-0.12624692769293913,4,Contact
,1,0.032206034217846444,0.8496734003872463,-0.2969906298719264,-0.00013070941983285258,1,Collision
,1,-0.5722685471068175,0.2930857898339721,0.23178284596692925,0.9425249246936724,1,Collision
basketball,0,-0.33670503924037826,-0.44757406560492735,-0.21708713583098552,-0.14729130822788483,3,Contact
,1,0.12434965181892085,-0.5046978902658549,0.6376883181564641,-0.3664322768970654,0,Collision
baseball,1,-0.22469158166670192,0.3796238833124937,0.9184332811501624,-0.2403160586239592,1,Collision
,1,1.2072666311061238,0.061044974883628,0.11099734617465802,-0.3012903747283291,2,Collision
soccer,0,0.7462119400468243,0.11816879954455543,-0.7437781078127915,-0.08214940605914849,4,Contact
,1,-0.22469158166670192,0.3796238833124937,0.9184332811501624,-0.2403160586239592,1,Collision
,0,-0.2729330401917228,-0.46214825407259735,-0.14898617596365202,-0.07681606619597649,3,Contact
,1,0.032206034217846444,0.8496734003872463,-0.2969906298719264,-0.00013070941983285258,1,Collision
cheer,1,-0.22469158166670192,0.3796238833124937,0.9184332811501624,-0.2403160586239592,1,Collision
basketball,1,-0.685746272726001,0.43674770797342116,0.06365782716271283,-0.021175089954778566,1,Collision
soccer,0,0.7462119400468243,0.11816879954455543,-0.7437781078127915,-0.08214940605914849,4,Contact
,1,-0.685746272726001,0.43674770797342116,0.06365782716271283,-0.021175089954778566,1,Collision
,0,-0.33670503924037826,-0.44757406560492735,-0.21708713583098552,-0.14729130822788483,3,Contact
,0,0.38124726770346923,-0.03464837319110238,-0.5777355928656248,-0.12624692769293913,4,Contact
basketball,0,-0.33670503924037826,-0.44757406560492735,-0.21708713583098552,-0.14729130822788483,3,Contact
,0,-0.33670503924037826,-0.44757406560492735,-0.21708713583098552,-0.14729130822788483,3,Contact
golf,0,-0.33670503924037826,-0.44757406560492735,-0.21708713583098552,-0.14729130822788483,3,Contact
soccer,1,0.032206034217846444,0.8496734003872463,-0.2969906298719264,-0.00013070941983285258,1,Collision
fencing,1,0.14568375983703,0.7060114822477972,-0.12886561106771005,0.9635693052286182,1,Collision
,1,0.2378273774381044,-0.6483598084053038,0.8058133369606805,0.5972677377513856,0,Collision
basketball,1,0.6705104499449848,0.6343134691192,0.7940108027870731,0.814903578591346,2,Collision
,0,0.49472499332265274,-0.17831029133055126,-0.4096105740614084,0.837453086955512,4,Contact
,1,1.3207443567253072,-0.08261694325582085,0.27912236497887444,0.6624096399201218,2,Collision
gymnastics,1,0.8582253976205009,0.9453667484619765,0.39174230916835634,-0.17517415645522286,2,Collision
football,1,0.906073957811424,-0.10634638631969968,0.3451408209891584,-0.27491265433021134,2,Collision
soccer,1,-0.5722685471068175,0.2930857898339721,0.23178284596692925,0.9425249246936724,1,Collision
,0,-0.33670503924037826,-0.44757406560492735,-0.21708713583098552,-0.14729130822788483,3,Contact
basketball,1,0.032206034217846444,0.8496734003872463,-0.2969906298719264,-0.00013070941983285258,1,Collision
field hockey,0,-0.33670503924037826,-0.44757406560492735,-0.21708713583098552,-0.14729130822788483,3,Contact
,0,-0.33670503924037826,-0.44757406560492735,-0.21708713583098552,-0.14729130822788483,3,Contact
soccer,1,0.032206034217846444,0.8496734003872463,-0.2969906298719264,-0.00013070941983285258,1,Collision
,1,-0.685746272726001,0.43674770797342116,0.06365782716271283,-0.021175089954778566,1,Collision
,1,-0.5084965480581621,0.2785116013663024,0.2998838058342628,1.013000166725581,1,Collision
track,1,-0.22469158166670192,0.3796238833124937,0.9184332811501624,-0.2403160586239592,1,Collision
football,0,0.8099839390954798,0.10359461107688558,-0.675677147945458,-0.011674164027240122,4,Contact
volleyball,0,0.49472499332265274,-0.17831029133055126,-0.4096105740614084,0.837453086955512,4,Contact
,1,0.032206034217846444,0.8496734003872463,-0.2969906298719264,-0.00013070941983285258,1,Collision
,1,-0.685746272726001,0.43674770797342116,0.06365782716271283,-0.021175089954778566,1,Collision
cheer,0,0.7462119400468243,0.11816879954455543,-0.7437781078127915,-0.08214940605914849,4,Contact
,1,-0.685746272726001,0.43674770797342116,0.06365782716271283,-0.021175089954778566,1,Collision
bowling,0,-0.33670503924037826,-0.44757406560492735,-0.21708713583098552,-0.14729130822788483,3,Contact
football,1,0.4932607252771458,0.7925495757263186,0.557784824115523,-0.21927167808901354,2,Collision
volleyball,1,0.8423019587627686,-0.09177219785202977,0.2770398611218247,-0.3453878963621198,2,Collision
,1,0.032206034217846444,0.8496734003872463,-0.2969906298719264,-0.00013070941983285258,1,Collision
,0,-0.33670503924037826,-0.44757406560492735,-0.21708713583098552,-0.14729130822788483,3,Contact
,1,-0.685746272726001,0.43674770797342116,0.06365782716271283,-0.021175089954778566,1,Collision
track,1,-0.685746272726001,0.43674770797342116,0.06365782716271283,-0.021175089954778566,1,Collision
,0,0.9234616647146633,-0.040067307062563326,-0.5075521291412415,0.9520258506212109,4,Contact
soccer,0,0.38124726770346923,-0.03464837319110238,-0.5777355928656248,-0.12624692769293913,4,Contact
dance,0,-0.22322731362119472,-0.5912359837443764,-0.048962117026769086,0.8164087064205663,3,Contact
soccer,0,0.8596896656660078,-0.025493118594893567,-0.575653089008575,0.8815506085893027,4,Contact
,1,1.2072666311061238,0.061044974883628,0.11099734617465802,-0.3012903747283291,2,Collision
baseball,1,-0.685746272726001,0.43674770797342116,0.06365782716271283,-0.021175089954778566,1,Collision
football,0,-0.33670503924037826,-0.44757406560492735,-0.21708713583098552,-0.14729130822788483,3,Contact
swim,1,0.12434965181892085,-0.5046978902658549,0.6376883181564641,-0.3664322768970654,0,Collision
,1,0.032206034217846444,0.8496734003872463,-0.2969906298719264,-0.00013070941983285258,1,Collision
,1,0.18812165086757623,-0.5192720787335248,0.7057892780237977,-0.29595703486515706,0,Collision
,1,0.12434965181892085,-0.5046978902658549,0.6376883181564641,-0.3664322768970654,0,Collision
tennis,1,-0.685746272726001,0.43674770797342116,0.06365782716271283,-0.021175089954778566,1,Collision
soccer,1,1.2072666311061238,0.061044974883628,0.11099734617465802,-0.3012903747283291,2,Collision
track,0,-0.33670503924037826,-0.44757406560492735,-0.21708713583098552,-0.14729130822788483,3,Contact
hockey,1,0.12434965181892085,-0.5046978902658549,0.6376883181564641,-0.3664322768970654,0,Collision
,1,-0.685746272726001,0.43674770797342116,0.06365782716271283,-0.021175089954778566,1,Collision
tennis,1,1.0195516834306075,-0.2500083044591486,0.5132658397933748,0.6887873603182397,2,Collision
basketball,0,0.38124726770346923,-0.03464837319110238,-0.5777355928656248,-0.12624692769293913,4,Contact
track,0,0.7462119400468243,0.11816879954455543,-0.7437781078127915,-0.08214940605914849,4,Contact
,1,0.032206034217846444,0.8496734003872463,-0.2969906298719264,-0.00013070941983285258,1,Collision
,0,-0.33670503924037826,-0.44757406560492735,-0.21708713583098552,-0.14729130822788483,3,Contact
wrestling,0,-0.33670503924037826,-0.44757406560492735,-0.21708713583098552,-0.14729130822788483,3,Contact
volleyball,1,1.3207443567253072,-0.08261694325582085,0.27912236497887444,0.6624096399201218,2,Collision
tennis,1,0.032206034217846444,0.8496734003872463,-0.2969906298719264,-0.00013070941983285258,1,Collision
wrestling,1,-0.685746272726001,0.43674770797342116,0.06365782716271283,-0.021175089954778566,1,Collision
karate,0,0.8596896656660078,-0.025493118594893567,-0.575653089008575,0.8815506085893027,4,Contact
,0,-0.33670503924037826,-0.44757406560492735,-0.21708713583098552,-0.14729130822788483,3,Contact
,0,-0.33670503924037826,-0.44757406560492735,-0.21708713583098552,-0.14729130822788483,3,Contact
basketball,1,1.0195516834306075,-0.2500083044591486,0.5132658397933748,0.6887873603182397,2,Collision
,1,0.12434965181892085,-0.5046978902658549,0.6376883181564641,-0.3664322768970654,0,Collision
,0,-0.33670503924037826,-0.44757406560492735,-0.21708713583098552,-0.14729130822788483,3,Contact
cross country,1,1.3207443567253072,-0.08261694325582085,0.27912236497887444,0.6624096399201218,2,Collision
swim,1,0.2378273774381044,-0.6483598084053038,0.8058133369606805,0.5972677377513856,0,Collision
,0,-0.33670503924037826,-0.44757406560492735,-0.21708713583098552,-0.14729130822788483,3,Contact
,0,0.8099839390954798,0.10359461107688558,-0.675677147945458,-0.011674164027240122,4,Contact
,0,-0.33670503924037826,-0.44757406560492735,-0.21708713583098552,-0.14729130822788483,3,Contact
,1,0.12434965181892085,-0.5046978902658549,0.6376883181564641,-0.3664322768970654,0,Collision
swim,0,-0.33670503924037826,-0.44757406560492735,-0.21708713583098552,-0.14729130822788483,3,Contact
,0,0.3971707065612016,1.002490573122904,-0.46303314481909325,0.04396681221395774,4,Contact
tennis,0,-0.22322731362119472,-0.5912359837443764,-0.048962117026769086,0.8164087064205663,3,Contact
,0,-0.33670503924037826,-0.44757406560492735,-0.21708713583098552,-0.14729130822788483,3,Contact
,0,-0.33670503924037826,-0.44757406560492735,-0.21708713583098552,-0.14729130822788483,3,Contact
dance,0,-0.33670503924037826,-0.44757406560492735,-0.21708713583098552,-0.14729130822788483,3,Contact
football,1,1.2072666311061238,0.061044974883628,0.11099734617465802,-0.3012903747283291,2,Collision
soccer,1,0.8423019587627686,-0.09177219785202977,0.2770398611218247,-0.3453878963621198,2,Collision
volleyball,1,-0.685746272726001,0.43674770797342116,0.06365782716271283,-0.021175089954778566,1,Collision
street hockey,0,0.7462119400468243,0.11816879954455543,-0.7437781078127915,-0.08214940605914849,4,Contact
track,0,-0.33670503924037826,-0.44757406560492735,-0.21708713583098552,-0.14729130822788483,3,Contact
soccer,0,-0.33670503924037826,-0.44757406560492735,-0.21708713583098552,-0.14729130822788483,3,Contact
football,1,-0.685746272726001,0.43674770797342116,0.06365782716271283,-0.021175089954778566,1,Collision
football,1,0.8423019587627686,-0.09177219785202977,0.2770398611218247,-0.3453878963621198,2,Collision
basketball,0,-0.33670503924037826,-0.44757406560492735,-0.21708713583098552,-0.14729130822788483,3,Contact
basketball,1,1.2072666311061238,0.061044974883628,0.11099734617465802,-0.3012903747283291,2,Collision
basketball,1,0.032206034217846444,0.8496734003872463,-0.2969906298719264,-0.00013070941983285258,1,Collision
soccer,1,-0.685746272726001,0.43674770797342116,0.06365782716271283,-0.021175089954778566,1,Collision
,0,-0.33670503924037826,-0.44757406560492735,-0.21708713583098552,-0.14729130822788483,3,Contact
soccer,1,0.8423019587627686,-0.09177219785202977,0.2770398611218247,-0.3453878963621198,2,Collision
volleyball,1,0.8423019587627686,-0.09177219785202977,0.2770398611218247,-0.3453878963621198,2,Collision
tennis,1,-0.685746272726001,0.43674770797342116,0.06365782716271283,-0.021175089954778566,1,Collision
baseball,1,-0.685746272726001,0.43674770797342116,0.06365782716271283,-0.021175089954778566,1,Collision
tennis,1,0.032206034217846444,0.8496734003872463,-0.2969906298719264,-0.00013070941983285258,1,Collision
,1,-0.22469158166670192,0.3796238833124937,0.9184332811501624,-0.2403160586239592,1,Collision
soccer,0,-0.22322731362119472,-0.5912359837443764,-0.048962117026769086,0.8164087064205663,3,Contact
swim,0,-0.33670503924037826,-0.44757406560492735,-0.21708713583098552,-0.14729130822788483,3,Contact
marching band,0,0.49472499332265274,-0.17831029133055126,-0.4096105740614084,0.837453086955512,4,Contact
,0,-0.22322731362119472,-0.5912359837443764,-0.048962117026769086,0.8164087064205663,3,Contact
tennis,0,-0.33670503924037826,-0.44757406560492735,-0.21708713583098552,-0.14729130822788483,3,Contact
cross country,1,-0.685746272726001,0.43674770797342116,0.06365782716271283,-0.021175089954778566,1,Collision
soccer,0,0.7462119400468243,0.11816879954455543,-0.7437781078127915,-0.08214940605914849,4,Contact
,1,0.12434965181892085,-0.5046978902658549,0.6376883181564641,-0.3664322768970654,0,Collision
soccer,0,-0.33670503924037826,-0.44757406560492735,-0.21708713583098552,-0.14729130822788483,3,Contact
,1,-0.685746272726001,0.43674770797342116,0.06365782716271283,-0.021175089954778566,1,Collision
,1,0.8423019587627686,-0.09177219785202977,0.2770398611218247,-0.3453878963621198,2,Collision
hockey,0,-0.33670503924037826,-0.44757406560492735,-0.21708713583098552,-0.14729130822788483,3,Contact
soccer,1,0.12434965181892085,-0.5046978902658549,0.6376883181564641,-0.3664322768970654,0,Collision
,0,-0.33670503924037826,-0.44757406560492735,-0.21708713583098552,-0.14729130822788483,3,Contact
football,1,0.906073957811424,-0.10634638631969968,0.3451408209891584,-0.27491265433021134,2,Collision
,1,0.8423019587627686,-0.09177219785202977,0.2770398611218247,-0.3453878963621198,2,Collision
cross country,0,-0.33670503924037826,-0.44757406560492735,-0.21708713583098552,-0.14729130822788483,3,Contact
football,1,0.4932607252771458,0.7925495757263186,0.557784824115523,-0.21927167808901354,2,Collision
track,1,0.12434965181892085,-0.5046978902658549,0.6376883181564641,-0.3664322768970654,0,Collision
marching band,1,-0.685746272726001,0.43674770797342116,0.06365782716271283,-0.021175089954778566,1,Collision
soccer,0,-0.33670503924037826,-0.44757406560492735,-0.21708713583098552,-0.14729130822788483,3,Contact
,0,-0.33670503924037826,-0.44757406560492735,-0.21708713583098552,-0.14729130822788483,3,Contact
,1,-0.685746272726001,0.43674770797342116,0.06365782716271283,-0.021175089954778566,1,Collision
tennis,1,0.8423019587627686,-0.09177219785202977,0.2770398611218247,-0.3453878963621198,2,Collision
,0,-0.22322731362119472,-0.5912359837443764,-0.048962117026769086,0.8164087064205663,3,Contact
,0,0.38124726770346923,-0.03464837319110238,-0.5777355928656248,-0.12624692769293913,4,Contact
soccer,1,-0.685746272726001,0.43674770797342116,0.06365782716271283,-0.021175089954778566,1,Collision
,0,-0.2729330401917228,-0.46214825407259735,-0.14898617596365202,-0.07681606619597649,3,Contact
,0,0.3971707065612016,1.002490573122904,-0.46303314481909325,0.04396681221395774,4,Contact
,1,0.8423019587627686,-0.09177219785202977,0.2770398611218247,-0.3453878963621198,2,Collision
football,1,-0.685746272726001,0.43674770797342116,0.06365782716271283,-0.021175089954778566,1,Collision
cross country,1,-0.685746272726001,0.43674770797342116,0.06365782716271283,-0.021175089954778566,1,Collision
,1,-0.685746272726001,0.43674770797342116,0.06365782716271283,-0.021175089954778566,1,Collision
football,1,-0.11121385604751839,0.23596196517304466,1.0865582999543788,0.7233839560244919,1,Collision
golf,1,0.12434965181892085,-0.5046978902658549,0.6376883181564641,-0.3664322768970654,0,Collision
twirling,0,0.38124726770346923,-0.03464837319110238,-0.5777355928656248,-0.12624692769293913,4,Contact
wrestling,1,-0.5722685471068175,0.2930857898339721,0.23178284596692925,0.9425249246936724,1,Collision
tennis,1,-0.6219742736773456,0.4221735195057513,0.13175878703004631,0.04930015207712978,1,Collision
soccer,0,-0.33670503924037826,-0.44757406560492735,-0.21708713583098552,-0.14729130822788483,3,Contact
,0,0.38124726770346923,-0.03464837319110238,-0.5777355928656248,-0.12624692769293913,4,Contact
swim,1,0.8582253976205009,0.9453667484619765,0.39174230916835634,-0.17517415645522286,2,Collision
basketball,0,-0.33670503924037826,-0.44757406560492735,-0.21708713583098552,-0.14729130822788483,3,Contact
,0,-0.33670503924037826,-0.44757406560492735,-0.21708713583098552,-0.14729130822788483,3,Contact
soccer,0,0.7462119400468243,0.11816879954455543,-0.7437781078127915,-0.08214940605914849,4,Contact
soccer,0,-0.33670503924037826,-0.44757406560492735,-0.21708713583098552,-0.14729130822788483,3,Contact
cheer,0,0.38124726770346923,-0.03464837319110238,-0.5777355928656248,-0.12624692769293913,4,Contact
soccer,1,-0.685746272726001,0.43674770797342116,0.06365782716271283,-0.021175089954778566,1,Collision
horseback riding,0,0.7462119400468243,0.11816879954455543,-0.7437781078127915,-0.08214940605914849,4,Contact
volleyball,0,0.49472499332265274,-0.17831029133055126,-0.4096105740614084,0.837453086955512,4,Contact
track,0,-0.33670503924037826,-0.44757406560492735,-0.21708713583098552,-0.14729130822788483,3,Contact
basketball,0,-0.33670503924037826,-0.44757406560492735,-0.21708713583098552,-0.14729130822788483,3,Contact
soccer,1,-0.22469158166670192,0.3796238833124937,0.9184332811501624,-0.2403160586239592,1,Collision
,0,-0.33670503924037826,-0.44757406560492735,-0.21708713583098552,-0.14729130822788483,3,Contact
cross country,0,-0.22322731362119472,-0.5912359837443764,-0.048962117026769086,0.8164087064205663,3,Contact
track,0,-0.22322731362119472,-0.5912359837443764,-0.048962117026769086,0.8164087064205663,3,Contact
football,1,-0.685746272726001,0.43674770797342116,0.06365782716271283,-0.021175089954778566,1,Collision
football,1,0.12434965181892085,-0.5046978902658549,0.6376883181564641,-0.3664322768970654,0,Collision
baseball,1,-0.685746272726001,0.43674770797342116,0.06365782716271283,-0.021175089954778566,1,Collision
soccer,0,-0.33670503924037826,-0.44757406560492735,-0.21708713583098552,-0.14729130822788483,3,Contact
gymnastics,1,0.3015993764867598,-0.6629339968729737,0.8739142968280142,0.667742979783294,0,Collision
marching band,0,-0.33670503924037826,-0.44757406560492735,-0.21708713583098552,-0.14729130822788483,3,Contact
field hockey,0,-0.33670503924037826,-0.44757406560492735,-0.21708713583098552,-0.14729130822788483,3,Contact
,0,-0.33670503924037826,-0.44757406560492735,-0.21708713583098552,-0.14729130822788483,3,Contact
soccer,0,-0.33670503924037826,-0.44757406560492735,-0.21708713583098552,-0.14729130822788483,3,Contact
volleyball,1,0.12434965181892085,-0.5046978902658549,0.6376883181564641,-0.3664322768970654,0,Collision
track,1,-0.22469158166670192,0.3796238833124937,0.9184332811501624,-0.2403160586239592,1,Collision
football,0,0.38124726770346923,-0.03464837319110238,-0.5777355928656248,-0.12624692769293913,4,Contact
football,1,0.8423019587627686,-0.09177219785202977,0.2770398611218247,-0.3453878963621198,2,Collision
,0,-0.33670503924037826,-0.44757406560492735,-0.21708713583098552,-0.14729130822788483,3,Contact
,1,0.032206034217846444,0.8496734003872463,-0.2969906298719264,-0.00013070941983285258,1,Collision
cross country,0,0.38124726770346923,-0.03464837319110238,-0.5777355928656248,-0.12624692769293913,4,Contact
volleyball,1,-0.5722685471068175,0.2930857898339721,0.23178284596692925,0.9425249246936724,1,Collision
,1,0.12434965181892085,-0.5046978902658549,0.6376883181564641,-0.3664322768970654,0,Collision
track,1,-0.685746272726001,0.43674770797342116,0.06365782716271283,-0.021175089954778566,1,Collision
track,0,0.7462119400468243,0.11816879954455543,-0.7437781078127915,-0.08214940605914849,4,Contact
soccer,0,-0.33670503924037826,-0.44757406560492735,-0.21708713583098552,-0.14729130822788483,3,Contact
,1,-0.22469158166670192,0.3796238833124937,0.9184332811501624,-0.2403160586239592,1,Collision
,0,-0.22322731362119472,-0.5912359837443764,-0.048962117026769086,0.8164087064205663,3,Contact
volleyball,1,-0.685746272726001,0.43674770797342116,0.06365782716271283,-0.021175089954778566,1,Collision
,0,0.38124726770346923,-0.03464837319110238,-0.5777355928656248,-0.12624692769293913,4,Contact
basketball,1,-0.685746272726001,0.43674770797342116,0.06365782716271283,-0.021175089954778566,1,Collision
basketball,0,-0.33670503924037826,-0.44757406560492735,-0.21708713583098552,-0.14729130822788483,3,Contact
,0,0.38124726770346923,-0.03464837319110238,-0.5777355928656248,-0.12624692769293913,4,Contact
tennis,1,0.955779684381952,-0.23543411599147873,0.44516487992604103,0.6183121182863311,2,Collision
,1,-0.685746272726001,0.43674770797342116,0.06365782716271283,-0.021175089954778566,1,Collision
field hockey,0,0.38124726770346923,-0.03464837319110238,-0.5777355928656248,-0.12624692769293913,4,Contact
,1,0.12434965181892085,-0.5046978902658549,0.6376883181564641,-0.3664322768970654,0,Collision
volleyball,1,-0.6219742736773456,0.4221735195057513,0.13175878703004631,0.04930015207712978,1,Collision
,0,-0.33670503924037826,-0.44757406560492735,-0.21708713583098552,-0.14729130822788483,3,Contact
,1,-0.685746272726001,0.43674770797342116,0.06365782716271283,-0.021175089954778566,1,Collision
,1,0.8423019587627686,-0.09177219785202977,0.2770398611218247,-0.3453878963621198,2,Collision
volleyball,1,-0.685746272726001,0.43674770797342116,0.06365782716271283,-0.021175089954778566,1,Collision
soccer,0,-0.33670503924037826,-0.44757406560492735,-0.21708713583098552,-0.14729130822788483,3,Contact
,0,-0.33670503924037826,-0.44757406560492735,-0.21708713583098552,-0.14729130822788483,3,Contact
,0,-0.22322731362119472,-0.5912359837443764,-0.048962117026769086,0.8164087064205663,3,Contact
,0,0.7462119400468243,0.11816879954455543,-0.7437781078127915,-0.08214940605914849,4,Contact
basketball,0,0.38124726770346923,-0.03464837319110238,-0.5777355928656248,-0.12624692769293913,4,Contact
football,1,1.271038630154779,0.04647078641595816,0.1790983060419917,-0.23081513269642073,2,Collision
golf,1,-0.6219742736773456,0.4221735195057513,0.13175878703004631,0.04930015207712978,1,Collision
cross country,0,-0.33670503924037826,-0.44757406560492735,-0.21708713583098552,-0.14729130822788483,3,Contact
volleyball,1,0.032206034217846444,0.8496734003872463,-0.2969906298719264,-0.00013070941983285258,1,Collision
soccer,1,0.12434965181892085,-0.5046978902658549,0.6376883181564641,-0.3664322768970654,0,Collision
basketball,0,-0.33670503924037826,-0.44757406560492735,-0.21708713583098552,-0.14729130822788483,3,Contact
archery,1,0.8582253976205009,0.9453667484619765,0.39174230916835634,-0.17517415645522286,2,Collision
soccer,1,0.032206034217846444,0.8496734003872463,-0.2969906298719264,-0.00013070941983285258,1,Collision
,0,-0.33670503924037826,-0.44757406560492735,-0.21708713583098552,-0.14729130822788483,3,Contact
baseball,1,0.2378273774381044,-0.6483598084053038,0.8058133369606805,0.5972677377513856,0,Collision
,1,-0.685746272726001,0.43674770797342116,0.06365782716271283,-0.021175089954778566,1,Collision
golf,1,-0.685746272726001,0.43674770797342116,0.06365782716271283,-0.021175089954778566,1,Collision
volleyball,0,-0.33670503924037826,-0.44757406560492735,-0.21708713583098552,-0.14729130822788483,3,Contact
baseball,0,0.38124726770346923,-0.03464837319110238,-0.5777355928656248,-0.12624692769293913,4,Contact
football,0,-0.22322731362119472,-0.5912359837443764,-0.048962117026769086,0.8164087064205663,3,Contact
,1,-0.685746272726001,0.43674770797342116,0.06365782716271283,-0.021175089954778566,1,Collision
swim,1,-0.5722685471068175,0.2930857898339721,0.23178284596692925,0.9425249246936724,1,Collision
,0,-0.22322731362119472,-0.5912359837443764,-0.048962117026769086,0.8164087064205663,3,Contact
volleyball,0,0.38124726770346923,-0.03464837319110238,-0.5777355928656248,-0.12624692769293913,4,Contact
,1,0.032206034217846444,0.8496734003872463,-0.2969906298719264,-0.00013070941983285258,1,Collision
football,0,0.7462119400468243,0.11816879954455543,-0.7437781078127915,-0.08214940605914849,4,Contact
volleyball,0,0.7462119400468243,0.11816879954455543,-0.7437781078127915,-0.08214940605914849,4,Contact
baseball,1,-0.22469158166670192,0.3796238833124937,0.9184332811501624,-0.2403160586239592,1,Collision
soccer,1,-0.685746272726001,0.43674770797342116,0.06365782716271283,-0.021175089954778566,1,Collision
soccer,1,-0.685746272726001,0.43674770797342116,0.06365782716271283,-0.021175089954778566,1,Collision
,1,-0.685746272726001,0.43674770797342116,0.06365782716271283,-0.021175089954778566,1,Collision
tennis,0,-0.33670503924037826,-0.44757406560492735,-0.21708713583098552,-0.14729130822788483,3,Contact
volleyball,1,0.12434965181892085,-0.5046978902658549,0.6376883181564641,-0.3664322768970654,0,Collision
soccer,0,-0.33670503924037826,-0.44757406560492735,-0.21708713583098552,-0.14729130822788483,3,Contact
track,0,0.38124726770346923,-0.03464837319110238,-0.5777355928656248,-0.12624692769293913,4,Contact
volleyball,0,-0.33670503924037826,-0.44757406560492735,-0.21708713583098552,-0.14729130822788483,3,Contact
soccer,0,0.38124726770346923,-0.03464837319110238,-0.5777355928656248,-0.12624692769293913,4,Contact
swim,0,0.510648432180385,0.8588286549834548,-0.29490812601487676,1.0076668268624092,4,Contact
basketball,1,0.032206034217846444,0.8496734003872463,-0.2969906298719264,-0.00013070941983285258,1,Collision
baseball,0,0.7462119400468243,0.11816879954455543,-0.7437781078127915,-0.08214940605914849,4,Contact
soccer,0,-0.33670503924037826,-0.44757406560492735,-0.21708713583098552,-0.14729130822788483,3,Contact
,1,0.032206034217846444,0.8496734003872463,-0.2969906298719264,-0.00013070941983285258,1,Collision
,1,-0.685746272726001,0.43674770797342116,0.06365782716271283,-0.021175089954778566,1,Collision
soccer,1,-0.22469158166670192,0.3796238833124937,0.9184332811501624,-0.2403160586239592,1,Collision
lacrosse,0,-0.2729330401917228,-0.46214825407259735,-0.14898617596365202,-0.07681606619597649,3,Contact
,1,-0.685746272726001,0.43674770797342116,0.06365782716271283,-0.021175089954778566,1,Collision
fencing,1,0.032206034217846444,0.8496734003872463,-0.2969906298719264,-0.00013070941983285258,1,Collision
golf,1,-0.685746272726001,0.43674770797342116,0.06365782716271283,-0.021175089954778566,1,Collision
soccer,1,0.955779684381952,-0.23543411599147873,0.44516487992604103,0.6183121182863311,2,Collision
,1,0.8582253976205009,0.9453667484619765,0.39174230916835634,-0.17517415645522286,2,Collision
,0,0.38124726770346923,-0.03464837319110238,-0.5777355928656248,-0.12624692769293913,4,Contact
basketball,1,0.955779684381952,-0.23543411599147873,0.44516487992604103,0.6183121182863311,2,Collision
,0,-0.33670503924037826,-0.44757406560492735,-0.21708713583098552,-0.14729130822788483,3,Contact
,1,0.8582253976205009,0.9453667484619765,0.39174230916835634,-0.17517415645522286,2,Collision
,0,-0.33670503924037826,-0.44757406560492735,-0.21708713583098552,-0.14729130822788483,3,Contact
,0,-0.33670503924037826,-0.44757406560492735,-0.21708713583098552,-0.14729130822788483,3,Contact
soccer,1,1.2072666311061238,0.061044974883628,0.11099734617465802,-0.3012903747283291,2,Collision
baseball,0,-0.22322731362119472,-0.5912359837443764,-0.048962117026769086,0.8164087064205663,3,Contact
football,1,0.8582253976205009,0.9453667484619765,0.39174230916835634,-0.17517415645522286,2,Collision
,1,-0.685746272726001,0.43674770797342116,0.06365782716271283,-0.021175089954778566,1,Collision
cross country,1,0.8423019587627686,-0.09177219785202977,0.2770398611218247,-0.3453878963621198,2,Collision
soccer,1,0.2378273774381044,-0.6483598084053038,0.8058133369606805,0.5972677377513856,0,Collision
,0,-0.22322731362119472,-0.5912359837443764,-0.048962117026769086,0.8164087064205663,3,Contact
,0,-0.33670503924037826,-0.44757406560492735,-0.21708713583098552,-0.14729130822788483,3,Contact
field hockey,0,-0.33670503924037826,-0.44757406560492735,-0.21708713583098552,-0.14729130822788483,3,Contact
basketball,1,-0.6219742736773456,0.4221735195057513,0.13175878703004631,0.04930015207712978,1,Collision
crew,1,0.032206034217846444,0.8496734003872463,-0.2969906298719264,-0.00013070941983285258,1,Collision
,1,0.4932607252771458,0.7925495757263186,0.557784824115523,-0.21927167808901354,2,Collision
football,1,0.4932607252771458,0.7925495757263186,0.557784824115523,-0.21927167808901354,2,Collision
,1,0.12434965181892085,-0.5046978902658549,0.6376883181564641,-0.3664322768970654,0,Collision
,1,-0.685746272726001,0.43674770797342116,0.06365782716271283,-0.021175089954778566,1,Collision
,1,1.3207443567253072,-0.08261694325582085,0.27912236497887444,0.6624096399201218,2,Collision
gymnastics,1,1.271038630154779,0.04647078641595816,0.1790983060419917,-0.23081513269642073,2,Collision
soccer,0,-0.33670503924037826,-0.44757406560492735,-0.21708713583098552,-0.14729130822788483,3,Contact
cheer,1,-0.685746272726001,0.43674770797342116,0.06365782716271283,-0.021175089954778566,1,Collision
tennis,1,0.2378273774381044,-0.6483598084053038,0.8058133369606805,0.5972677377513856,0,Collision
,1,1.2072666311061238,0.061044974883628,0.11099734617465802,-0.3012903747283291,2,Collision
cheer,0,0.38124726770346923,-0.03464837319110238,-0.5777355928656248,-0.12624692769293913,4,Contact
,0,-0.33670503924037826,-0.44757406560492735,-0.21708713583098552,-0.14729130822788483,3,Contact
,0,-0.33670503924037826,-0.44757406560492735,-0.21708713583098552,-0.14729130822788483,3,Contact
,1,0.18812165086757623,-0.5192720787335248,0.7057892780237977,-0.29595703486515706,0,Collision
lacrosse,1,0.12434965181892085,-0.5046978902658549,0.6376883181564641,-0.3664322768970654,0,Collision
netball,0,-0.33670503924037826,-0.44757406560492735,-0.21708713583098552,-0.14729130822788483,3,Contact
,1,-0.6219742736773456,0.4221735195057513,0.13175878703004631,0.04930015207712978,1,Collision
,0,-0.2729330401917228,-0.46214825407259735,-0.14898617596365202,-0.07681606619597649,3,Contact
tennis,0,-0.33670503924037826,-0.44757406560492735,-0.21708713583098552,-0.14729130822788483,3,Contact
,1,0.12434965181892085,-0.5046978902658549,0.6376883181564641,-0.3664322768970654,0,Collision
basketball,0,-0.33670503924037826,-0.44757406560492735,-0.21708713583098552,-0.14729130822788483,3,Contact
tennis,0,0.38124726770346923,-0.03464837319110238,-0.5777355928656248,-0.12624692769293913,4,Contact
taekwondo,1,-0.22469158166670192,0.3796238833124937,0.9184332811501624,-0.2403160586239592,1,Collision
