Sport_Name,Cluster_2,PC1,PC2,PC3,PC4,PC5,PC6,PC7,PC8,Cluster_2_Label
football,1,-0.43871674513677766,-0.479963620916178,-0.20175972813011198,-0.7522978396686347,0.14858730850512017,-0.5579400894710186,-0.24506598763338988,0.6546930841359534,Contact
swim,1,-0.7630530487299677,0.1508021523200756,-0.9294142122469109,0.023575903402097975,0.6580223251364622,0.02331074815181239,0.4900350090416516,0.19515769923436507,Contact
basketball,1,-0.5975670559342875,0.12549893864028283,0.14123202959100295,-0.4556029066972889,-0.24019403034240902,-0.3250437230365576,-0.13683903655664656,-0.21525958265616404,Contact
basketball,1,-0.654276799953371,-0.05804931251039116,-1.223977366194675,-0.2889031817696775,0.22065283595260463,0.09527046644405081,0.4719234216728217,0.46581868170384005,Contact
soccer,1,-0.47248033828147146,0.43252005938897936,-0.10684222461909969,0.8042293301299498,0.8145678129858277,-0.1886892886002299,-0.4776993884152476,0.6251659448428141,Contact
football,1,-0.7013798442044331,-0.031417883049402955,-0.8149660816098985,0.18797774266689649,0.4029517399872468,-0.3427545368425032,-0.3479267309090984,0.11023301377831944,Contact
soccer,1,-0.6818604081708074,0.28206740252803,-0.4926286872309811,0.07755761363760247,-0.28023742773522226,0.08811334489857946,-0.3348080601799057,-0.004540301648223083,Contact
tennis,1,-0.6592402604598242,0.30771897400976134,0.026783898953990172,-0.6200047459620844,0.014876554806803255,0.04102156195775816,0.7011227033941025,-0.1303348972001181,Contact
soccer,1,-0.681860408170807,0.28206740252802964,-0.49262868723097986,0.07755761363760141,-0.28023742773522253,0.08811334489857896,-0.3348080601799055,-0.0045403016482231185,Contact
soccer,1,-0.3842519523951664,-0.8886846848545702,-0.6863519572162085,0.2967919807336727,-0.10783674776415668,-0.17967226652850796,-0.12218368829872481,0.8644805678019487,Contact
basketball,1,-0.5347419712044199,0.032620168818956796,0.6832730919263814,0.5183509777031422,-0.3984170143118544,-0.3447692503933691,0.1411269013070962,-0.26058608883889023,Contact
football,0,1.4727313321996254,-0.5790176854061113,-0.14898052122430977,0.03646232831618238,0.6382382795186088,-0.2509312973798833,-0.09899748025194338,-0.6127917353294438,Collision
tennis,1,-0.5975670559342874,0.1254989386402819,0.1412320295910034,-0.45560290669728964,-0.24019403034240905,-0.3250437230365571,-0.13683903655664714,-0.21525958265616463,Contact
,1,-0.6159346117635822,-0.09864508138899636,0.24648756691044993,0.46436926746764184,0.5398427385598277,-0.40957184714013684,0.9659699705286534,-0.06088808795630171,Contact
track,1,-0.6204106592802112,0.19667823624422215,-0.44074326103162215,0.07724746152210522,-0.3570453953837552,0.14841881004050508,-0.39303961903511236,0.17183496337119603,Contact
rowing,1,-0.36338208709903663,-0.33007691100189923,1.0872465903902293,0.4116847334138086,0.13351166648049717,0.5008117122693336,-0.2842395907677011,-0.08439070464342303,Contact
,1,-0.6735001161825528,0.597909696645093,0.5340046041904957,0.00242167763572436,-0.1820363554353894,-0.3098800054007445,-0.17972442165082692,-0.2596542914969466,Contact
,1,-0.45880891095615495,-0.4397905891858541,0.2905005173268886,0.060326393370128434,-0.4565746892188742,-0.3599329680291815,0.1840122864012759,-0.21619137999810834,Contact
baseball,1,-0.5105005240654237,-0.08062967729282657,-0.08865518876713212,-0.029108630651731512,0.25169125305712897,0.9336943075612825,-0.7601745522547032,0.17165508254724504,Contact
soccer,1,-0.7577934684190728,0.754478160532841,-0.09985611263148837,0.5355821979706161,-0.2220797528282029,0.10327706253439194,-0.3776934452740855,-0.0489350104890051,Contact
soccer,1,-0.3386936920073513,-0.7889827468172274,0.41256821409103983,-0.04783949850775946,-0.13782257040216297,0.2971542673496233,-0.09702329662837689,-0.6475379308152467,Contact
track,1,-0.5253448659267557,-0.17814813209026828,-0.3635578379256475,0.4690654825477785,-0.2964411663597494,0.4151823278196653,0.8066507253160865,0.24717103535956791,Contact
,1,-0.4651484731498845,-0.05050564032960764,0.9571818825319486,0.42371500087427977,-0.2554553540029365,-0.21875745337898908,0.06413020832837628,0.22393228005720855,Contact
bowling,1,0.05592083538187598,-0.8925524696740927,0.7231626709753797,-0.02986135877694756,0.1072651667474325,0.45374915060804927,-0.13829398369463156,-0.1294956787431453,Contact
soccer,1,-0.6735001161825528,0.597909696645093,0.5340046041904957,0.00242167763572436,-0.1820363554353894,-0.3098800054007445,-0.17972442165082692,-0.2596542914969466,Contact
,1,-0.1030257727597216,-0.31529184370608404,0.8525597993520286,-0.5001777722739996,0.5749781468747803,0.5969568399630901,-0.5817585849769897,0.39723987532807337,Contact
track,1,-0.5533848972337492,0.24871753901372,0.6560723009546471,-0.10574421424216326,0.1367157633813216,0.3472072299780604,-0.4607600046804797,-0.691000842314085,Contact
,1,-0.4318504525577142,-0.49821365520371574,-0.19674950589566895,0.825801267576402,-0.656004384439848,0.11548440506041477,0.18631325084324907,-0.02008366616511492,Contact
,0,1.4110322450726958,1.126392150256697,0.3282387439456729,0.13303073097185836,0.05111716287883362,-0.4766898850666037,-0.11113629791202616,-0.387895706545014,Collision
swim,1,-0.6787596964934495,-0.005766311567671887,-0.2955534954249271,-0.5095846169327904,0.6980657225292731,-0.3898463197833251,0.68800403266491,-0.015561581773575627,Contact
,1,-0.6993514539958056,0.5875060382709475,-0.09223654650435038,0.26301446682793395,0.3517429511377211,1.1264295829075117,0.1792327116470113,-0.39535687585009704,Contact
soccer,0,1.5454073197442282,0.4870092699899921,-0.056914264526681684,-0.5975615845038379,0.5667821919377376,0.5312989176707038,0.4886752441032502,-0.6899228630653236,Collision
football,1,-0.3390156944131876,-0.23523724125681486,-1.0760837548660513,0.03222601303660331,0.10586408691931062,-0.3203870152276991,-0.30859468164475307,0.33267970114046486,Contact
swim,0,1.3884379799631055,-0.42244922151836345,-0.7828412380462931,0.5696228486510738,0.5981948821257956,0.16222577055525333,-0.296966503875202,-0.4020724543215015,Collision
swim,1,-0.4962483287567974,-0.284617078275199,0.374709227517351,-0.43831910690830445,0.7991333596646186,-0.44140608047936214,-0.37128530930970416,0.9915740366790828,Contact
,1,-0.6735001161825528,0.597909696645093,0.5340046041904957,0.00242167763572436,-0.1820363554353894,-0.3098800054007445,-0.17972442165082692,-0.2596542914969466,Contact
tennis,1,-0.5533848972337492,0.24871753901372,0.6560723009546471,-0.10574421424216326,0.1367157633813216,0.3472072299780604,-0.4607600046804797,-0.691000842314085,Contact
,0,1.5603423998525012,-0.2023377491894135,-0.14902348535084406,-0.23829058589945024,-0.8559661611017019,-0.40929798980597004,0.15969090872539154,0.14216093142431582,Collision
,1,-0.48319109743484445,-0.6738534530371805,-0.5714471016675509,0.7438874508418667,0.13167741621350695,-0.3817508389157327,-0.04442968536385554,0.2770196653300637,Contact
,1,-0.4529609022478459,0.746005344966413,0.215495169759818,0.6938092011006567,0.1313786452633578,0.24217859314085438,-0.4645807176860551,0.5103926294162721,Contact
basketball,1,-0.617086491967913,-0.18798634693715113,-0.1811053647879138,-0.3451827776679959,0.4429951373800602,-0.75591160477764,-0.14995770728583965,-0.10048626722962214,Contact
,1,-0.4969712730191092,-0.5371785045685241,-0.05903766802376246,-0.4533486695458836,0.7617472561967711,-0.09882436939883513,-0.4309932903154924,-0.5318328180467606,Contact
baseball,0,1.5032677359996192,0.14787241293082792,-0.8986642450905696,0.21042090412514228,0.9548573771181806,0.14752281887044244,-0.5603741901999503,-0.44935495208688647,Collision
,0,1.8568670242479173,-0.37866095402556127,0.2908503430079891,0.15037191731946495,0.11420726758457926,0.6189754429744643,0.9515649962711985,-0.5290909625627968,Collision
soccer,0,1.4770477977256775,0.25795317675333196,0.8645812351949432,0.6299110525403092,-0.32196996963279406,-0.27371483121295287,0.27554468349923394,0.12929359294152185,Collision
,1,-0.5617451892220037,-0.06712475510334323,-0.3705609904668295,-0.03060827824028547,0.038514691081488424,0.7452005802773845,-0.6158436432095585,-0.43588685246536124,Contact
,0,1.2093580363444685,0.7823987377248534,-0.024303945537690143,0.04261026547785392,0.5558687352101402,-0.7777902872087695,-0.203416235995103,-0.14316991772781104,Collision
,0,1.3154258052653636,-0.09988849334797766,-1.3139202193952213,0.20090781609238823,0.09714385927444134,-0.05683646153699671,0.8039192317363706,0.38485976442115816,Collision
cheer,1,-0.6376782494702691,0.405286002901468,0.022211584132663095,0.42741630609272835,0.0966723659885081,0.7603642979131967,-0.6587290283037383,-0.4802815613061436,Contact
basketball,1,-0.7435336126963439,0.46428743789750915,-0.6070768178679944,-0.08684422562719223,-0.025166842586009677,0.4541786298928946,0.5031536797708438,0.08038438380782378,Contact
soccer,1,-0.27796360226665884,-0.7379079282400283,0.7110200015318828,0.19800477041264772,-0.47299932673811657,-0.1716608658603418,0.3072855814877876,0.2537154217230427,Contact
,1,-0.5730841593942089,0.0732159376975631,-0.7871918411787434,-0.23492147153417683,-0.7176069169190786,0.1600730631908194,-0.3529196475487355,0.26612068082125145,Contact
,1,-0.7351733207080894,0.7801297320145725,0.41955647355348247,-0.16198016162907006,0.07303422971382349,0.056185279593570364,0.6582373182999228,-0.17472960604090015,Contact
,0,1.7051540520905493,0.011545822264108408,0.17898514928852757,0.23091585481381516,-0.27831483580192573,-0.5308499047756453,0.23524613272739622,-0.17671434615248763,Collision
basketball,1,-0.5181364541428316,0.048352896478640384,0.23548252179746523,-0.4156224985897368,-0.29508769523968365,-0.32915078011716176,-0.15419331396932764,-0.04754113376247616,Contact
,0,1.2333774043063148,0.6489492856288307,-0.09797931134542862,-0.4817212089026418,-0.14732234814410608,-0.4422614060249804,-0.12569454945102143,-0.29528670259690265,Collision
golf,1,-0.5975670559342874,0.12549893864028192,0.14123202959100334,-0.45560290669728953,-0.24019403034240902,-0.32504372303655693,-0.13683903655664723,-0.21525958265616435,Contact
soccer,1,-0.6242949037518368,-0.41448737550605974,-0.7801457245110264,0.5395052034695195,0.4416416662599945,-0.011578496840813062,0.8108863319995745,0.19422590189242198,Contact
fencing,1,-0.44178353601518483,-0.6933381422135867,-0.10988300156874815,0.6107707134940056,0.5427093033953402,-0.06313825753685,-0.24840300997503958,1.2013615203450805,Contact
,0,1.6583251894263444,0.29128431243102965,0.33943966781002927,-0.43166009765048924,0.5248881687641656,0.3537273599602869,-0.49361740489264405,-0.16730561350876383,Collision
basketball,0,1.7607723728983804,-0.8328168373151186,-0.6461224863013746,0.2542004280780926,0.2041445630965301,0.5590529071141932,-0.556712467277773,0.901962355357018,Collision
,0,1.808011362400805,-0.09332803319610582,0.6924346755866894,0.09748896535045687,0.05590908373137481,-0.15193185825483713,-0.026958750738994536,0.9240027738819487,Collision
,0,1.9877657468308931,-0.5661427874623577,0.7295693413518028,0.3565639643958633,0.09422754716226496,0.37699136304151726,0.010149628717830535,-0.015130529131968004,Collision
gymnastics,0,1.772797127646338,-0.31892335922348486,-0.2804476693763403,0.8482444290346483,-0.10409874730891433,0.6057617607733606,-0.026134208447603013,-0.5796716320303207,Collision
football,0,1.92604804634454,-0.49482777836744574,-0.0845206145143822,-0.27382276932521626,-0.3801943005470387,0.2824793888974856,-0.06826439097911548,-0.42338018511050823,Collision
soccer,1,-0.636955305207957,0.6578474291947931,0.4559584796737763,0.44244586873030767,0.1340584694563557,0.41778258683266994,-0.59902104729795,1.0431252934197002,Contact
,1,-0.659240260459824,0.30771897400976106,0.02678389895398988,-0.6200047459620842,0.014876554806803804,0.04102156195775801,0.7011227033941023,-0.13033489720011776,Contact
basketball,1,-0.43432601441607654,-0.492073590128573,-0.637923353442858,0.28100782853324124,-0.9339875757955436,0.1251838181981948,-0.032068324590812367,0.26518888347930747,Contact
field hockey,1,-0.4887908071576889,-0.08335252619018496,-0.1533311243567593,-0.7680819918690687,-0.6775635195262651,-0.25308400474431714,-0.15495062392547698,0.055401399813309986,Contact
,0,1.5565588033754967,0.5708555831033213,0.2093749599517481,-0.419629830190018,0.135921148280732,-0.36584180568803604,-0.1452476057965665,0.14101737119186744,Collision
soccer,1,-0.43432601441607654,-0.492073590128573,-0.637923353442858,0.28100782853324124,-0.9339875757955436,0.1251838181981948,-0.032068324590812367,0.26518888347930747,Contact
,0,1.2650656883106395,1.4651806495139241,-0.4200701035133251,0.5017894120419558,0.266144350635233,0.30253246786284793,0.5288564184154647,-0.09225174008102587,Collision
,0,1.5115813412681494,0.3891703667329006,-0.41546297802338883,-0.39859949407714657,-0.3835607393599924,0.49784165256408075,-0.6430519520428905,1.5362673080919693,Collision
track,1,-0.5617451892220037,-0.06712475510334323,-0.3705609904668295,-0.03060827824028547,0.038514691081488424,0.7452005802773845,-0.6158436432095585,-0.43588685246536124,Contact
football,1,0.03891367790409339,-0.7606151990835722,0.5256823034044463,0.4049447116856876,-0.5906428778548899,-0.2067841114887504,0.3617767215237664,-0.020903798977634995,Contact
volleyball,1,-0.40406670425638447,-0.05803079553216785,1.0594293858325399,0.5598310333992491,-0.24013411723348865,-0.16038258019007587,-0.02055828515072881,0.5146742950674038,Contact
,1,-0.5431022631926747,-0.2832221252981061,-0.3433601994950956,0.5934869137050203,-0.4966180866116877,0.05322409990595509,-0.013956737221982683,-0.00547209899016679,Contact
,1,-0.7577934684190728,0.754478160532841,-0.09985611263148837,0.5355821979706161,-0.2220797528282029,0.10327706253439194,-0.3776934452740855,-0.0489350104890051,Contact
cheer,1,-0.42349016056945954,-0.1823713610866526,0.8298837855258077,0.7506653315745242,-0.5578033121400151,-0.2825089452389094,0.341396889372328,-0.2751976560138387,Contact
,0,1.3267388928361759,1.282960614144445,-0.3056219728763115,0.6661912513067504,0.011073765486020131,-0.06353281713146712,-0.3091053215352848,-0.17717642553707244,Collision
bowling,0,1.2368749458495047,1.0442140014720007,0.3890437554605255,0.01628378353792481,-0.14405833813436106,-0.43120474546977283,-0.18593421195788143,-0.17196296254399696,Collision
football,1,0.0008268544379698002,-0.9216228074206988,-0.4305247497877392,0.3292591400813429,-0.5517615885114453,0.7929843220414898,-0.313891829842497,-0.03799669742574091,Contact
volleyball,1,-0.16629843155186674,-0.9152158904021258,0.009228169766718516,0.05490614679822601,0.940719018585439,0.18275947392541977,0.7852634092263551,-0.4960542250399871,Contact
,1,-0.5626216992263002,-0.596707410875539,-0.6656975938740126,0.703907042734314,0.1865710811107816,-0.3776437818351278,-0.027075407951175072,0.10930121643637543,Contact
,1,-0.4887908071576889,-0.08335252619018496,-0.1533311243567593,-0.7680819918690687,-0.6775635195262651,-0.25308400474431714,-0.15495062392547698,0.055401399813309986,Contact
,1,-0.5116344105036129,-0.012173228586244781,-0.7353064149793848,-0.23523162364967393,-0.7944148845676113,0.22037852833274488,-0.4111512064039421,0.4424959458406704,Contact
track,1,-0.585398207963588,0.6282450169479428,-0.5031961569558101,0.638327843276602,0.8564618361593992,-0.011117730889811574,0.5045932605806466,0.10254869528625475,Contact
,0,1.8436311599202437,-0.08350117773496188,0.6811770103953901,0.989061330654247,0.47866651169980023,-0.6156247535210767,0.21346352520340175,0.5683328065542622,Collision
soccer,0,1.4809117980610451,-0.12519170702777202,-0.24327397755730595,-0.27827099400700295,-0.8010724962044272,-0.40519093272536527,0.177045186138072,-0.02555751746937234,Collision
dance,0,1.3542155675174306,0.5523185542907828,0.45783528095983633,-0.5748575381429503,0.20881587414045258,-0.12775588172670238,-0.347022151474886,0.7967736013118029,Collision
soccer,1,-0.06224397018359308,-0.9767402202353253,0.43012509893870454,0.5612878794008443,0.42068657876699483,-0.5896390140093425,0.2842763313253456,0.4432980081587628,Contact
,0,1.8570904798828578,-0.4754918231112329,0.35341304744564384,0.31508390869975644,-0.06405534991610086,0.19260469283822415,0.17183481517565552,-0.7903909130382623,Collision
baseball,1,-0.6818604081708071,0.28206740252803,-0.4926286872309809,0.07755761363760232,-0.28023742773522253,0.08811334489857964,-0.3348080601799058,-0.0045403016482227845,Contact
football,1,-0.5361173070436913,0.04010977235647402,0.1931174557903621,-0.45591305881278665,-0.3170019979909418,-0.2647382578946314,-0.19507059541185381,-0.038884317636745415,Contact
swim,1,-0.4078583389309482,-0.3068190281396559,0.5372085169607224,-0.6584047754040399,0.2215197487832199,0.45805530935662786,-0.49487131256502,-0.16208776457720375,Contact
,1,-0.61903532344094,0.18918863270670502,0.04941237510439675,1.0515114980380342,-0.43846041170466804,0.06838781754176748,-0.05684212231616232,-0.04986680783094911,Contact
,1,-0.23362344820995423,-0.3754023829073456,-0.13680013238200373,-0.5051363922510037,1.1189439181866614,0.2978240018395259,0.44269445554772235,-0.41338424941471147,Contact
,1,-0.4774518369854839,-0.2236932189910913,0.2632997263551547,-0.5637687985751773,0.0785580884743019,0.33204351234224794,-0.41787461958629996,-0.6466061334733029,Contact
tennis,1,-0.7630530487299695,0.15080215232007624,-0.9294142122469116,0.023575903402101597,0.6580223251364594,0.023310748151811583,0.49003500904165137,0.195157699234366,Contact
soccer,0,2.0354602267139916,-0.7674690970902643,0.3327586841034488,-0.09203115330088515,-0.35846317879103895,0.3905762081448438,0.07672653482810589,-0.03521156167268892,Collision
track,1,-0.617086491967913,-0.18798634693715113,-0.1811053647879138,-0.3451827776679959,0.4429951373800602,-0.75591160477764,-0.14995770728583965,-0.10048626722962214,Contact
hockey,1,-0.4695315434564847,-0.12459899277017658,0.4227603863237089,-0.8228066146688344,0.47659033393243294,0.8241205943509429,0.3430904273857295,-0.07716307912115695,Contact
,0,1.3267388928361759,1.282960614144445,-0.3056219728763115,0.6661912513067504,0.011073765486020131,-0.06353281713146712,-0.3091053215352848,-0.17717642553707244,Collision
tennis,0,1.9341786592230612,-0.7590258247739979,0.5839844155050941,-0.48401619811495533,-0.2960395469242076,0.7027755179345198,-0.422621465904042,1.060988127818633,Collision
basketball,1,-0.5204821154816912,-0.25757055381637484,0.17605238668987502,-0.10407544589466626,-0.2015041040696612,0.006132316965133433,1.0219740263520256,-0.1312666945420618,Contact
track,1,-0.09396919930654757,-0.6497500124684085,0.4705566916179244,0.44936810278299644,-0.4756791509311148,-0.3472648595521573,0.4417259110996825,-0.2790172422803854,Contact
,1,-0.4930282011717647,-0.6798332200241036,-0.39178880326844523,0.6092710659054514,0.3295327414196996,-0.2516319848207478,-0.10407210092989504,0.5938195853324746,Contact
,1,-0.5975670559342874,0.12549893864028192,0.14123202959100334,-0.45560290669728953,-0.24019403034240902,-0.32504372303655693,-0.13683903655664723,-0.21525958265616435,Contact
wrestling,1,-0.3439791549196406,0.13053104526333684,0.17467751028261244,-0.2988755511558033,-0.09991219422648898,-0.37463591971399246,-0.07939539992347233,-0.2634738777634933,Contact
volleyball,0,2.057359244885429,-0.6492685966109222,1.0034781319573705,0.2619279875670008,0.23718920747118294,0.5030031600558973,-0.06684706426088943,0.4693878397641311,Collision
tennis,0,1.445977601780683,0.40418580074087623,-0.4786908795193434,1.2925406804034623,0.477882274332024,-0.5292899438651744,-0.001372669306554019,-0.06333490745247425,Collision
wrestling,1,-0.6963437195284767,0.6690889942490331,-0.04797068643212963,0.535272045855119,-0.2988877204767356,0.1635825276763174,-0.435925004129292,0.12744025453041383,Contact
karate,0,1.7961402196196334,-0.0407103614484281,0.6727118123497435,0.16571163207254122,0.22840133870095955,0.21608826675201218,1.069504536132193,0.8179406271436283,Collision
,1,-0.659240260459824,0.30771897400976106,0.02678389895398988,-0.6200047459620842,0.014876554806803804,0.04102156195775801,0.7011227033941023,-0.13033489720011776,Contact
,1,-0.617086491967913,-0.18798634693715113,-0.1811053647879138,-0.3451827776679959,0.4429951373800602,-0.75591160477764,-0.14995770728583965,-0.10048626722962214,Contact
basketball,0,2.0387424603917164,-0.5937218668407368,0.24927061338467368,-0.2726332738521593,-0.24382570621993085,0.5312785813233091,-0.27082685887946667,0.3605370149215168,Collision
,1,-0.4969712730191092,-0.5371785045685241,-0.05903766802376246,-0.4533486695458836,0.7617472561967711,-0.09882436939883513,-0.4309932903154924,-0.5318328180467606,Contact
,1,-0.34791045647563723,-0.24588773463563438,-0.007195205950938605,-0.728411735877013,-0.8092651520720725,-0.19688559668299646,-0.23053646019336396,0.3994951137264172,Contact
cross country,0,1.8128826487575467,-0.3300712728733379,0.7057540293659162,0.8850282696506181,0.8904680546890286,-0.03460574398314863,-0.028500149692861094,-0.11247037143989615,Collision
swim,1,-0.5638134366027058,0.4174326521937161,0.8235299720173308,-0.2686464059184037,0.6049629105061752,0.9017662422562731,0.23287082622512525,0.0014657781545675647,Contact
,1,-0.659240260459824,0.30771897400976106,0.02678389895398988,-0.6200047459620842,0.014876554806803804,0.04102156195775801,0.7011227033941023,-0.13033489720011776,Contact
,0,1.9492887399361511,-0.31431089425666475,0.38072145467447627,0.4188068175878881,-0.5526648605538618,-0.3281088515577786,0.3555669312167118,0.06678752997531505,Collision
,1,-0.6735001161825528,0.597909696645093,0.5340046041904957,0.00242167763572436,-0.1820363554353894,-0.3098800054007445,-0.17972442165082692,-0.2596542914969466,Contact
,0,1.4622688720317163,0.09090566316699086,-0.2704747685290397,-0.9023661859523088,-0.26593971851125114,0.2867855476460641,-0.4248417198495039,-0.4559722709445669,Collision
swim,1,-0.4887908071576889,-0.08335252619018496,-0.1533311243567593,-0.7680819918690687,-0.6775635195262651,-0.25308400474431714,-0.15495062392547698,0.055401399813309986,Contact
,1,-0.4318504525577142,-0.49821365520371574,-0.19674950589566895,0.825801267576402,-0.656004384439848,0.11548440506041477,0.18631325084324907,-0.02008366616511492,Contact
tennis,1,-0.5463223907777075,0.1119940164507986,0.42313783129070054,-0.4541032591087355,-0.02701746836676846,-0.13654999575265894,-0.2811699456017918,0.3922823523564419,Contact
,0,1.418952538601695,1.2254863764776116,0.48769940391422684,-0.12600708512179856,0.44914940833696443,0.015387196942091291,0.6498287490600032,0.1815473478071316,Collision
,1,-0.6735001161825528,0.597909696645093,0.5340046041904957,0.00242167763572436,-0.1820363554353894,-0.3098800054007445,-0.17972442165082692,-0.2596542914969466,Contact
dance,1,-0.659240260459824,0.30771897400976106,0.02678389895398988,-0.6200047459620842,0.014876554806803804,0.04102156195775801,0.7011227033941023,-0.13033489720011776,Contact
football,0,1.7737285765354056,-0.7747645608485626,0.07728983900563101,-0.15443268412900596,-0.7185146428644097,0.3744620729498249,0.03804803231844443,-0.2951403704420401,Collision
soccer,1,-0.24943687926437835,-1.3113194972251268,-0.2043323342356397,-0.24989845465024477,0.10799710813644996,-0.06175389609921994,-0.12825355472639896,-0.2621036329192303,Contact
volleyball,0,1.2578603008463929,0.596666284686112,-1.0264031821151756,-0.2610397737395288,-0.6247352347207756,0.042855380202395925,-0.34177516044310974,0.18609356088051324,Collision
street hockey,0,1.9866318603927042,-0.4976863387557758,0.08291811513955048,0.1504409713979209,-0.9518785904624752,-0.33632441618702036,0.3591729745685916,0.2557103341614575,Collision
track,0,1.2333774043063148,0.6489492856288307,-0.09797931134542862,-0.4817212089026418,-0.14732234814410608,-0.4422614060249804,-0.12569454945102143,-0.29528670259690265,Collision
soccer,1,-0.5975670559342874,0.12549893864028192,0.14123202959100334,-0.45560290669728953,-0.24019403034240902,-0.32504372303655693,-0.13683903655664723,-0.21525958265616435,Contact
football,0,1.3831525170508157,0.497064570562201,-1.020731941854721,0.31858679600303014,0.6361052583014697,-0.5095644165083625,-0.2793386071702975,-0.018008401269747974,Collision
football,1,-0.3386936920073513,-0.7889827468172274,0.41256821409103983,-0.04783949850775946,-0.13782257040216297,0.2971542673496233,-0.09702329662837689,-0.6475379308152467,Contact
basketball,1,-0.5975670559342874,0.12549893864028192,0.14123202959100334,-0.45560290669728953,-0.24019403034240902,-0.32504372303655693,-0.13683903655664723,-0.21525958265616435,Contact
basketball,0,1.7818723256993456,-0.7725012037133193,0.2993132034118398,-0.24875850884237138,-0.498745014906959,0.44016840482227937,0.01928289819493105,0.013002733434639984,Collision
basketball,1,-0.61903532344094,0.18918863270670502,0.04941237510439675,1.0515114980380342,-0.43846041170466804,0.06838781754176748,-0.05684212231616232,-0.04986680783094911,Contact
soccer,1,-0.7013798442044328,-0.031417883049403114,-0.8149660816098979,0.18797774266689585,0.4029517399872467,-0.34275453684250345,-0.3479267309090982,0.11023301377831937,Contact
,1,-0.23520290614304226,-0.07832041956712997,-0.11988564366515025,-0.6113546363275824,-0.5372816834103451,-0.30267620142175267,-0.09750698729230205,0.007187104705981053,Contact
soccer,0,1.8350954819908702,-0.7828370436135231,-0.41009819448046253,-0.11928940131411075,0.34115062645067284,-0.22856377576507902,-0.0596654309875983,-0.39034504796729774,Collision
volleyball,1,-0.35821312804097666,-1.10246803239466,0.09023081971212288,0.06258063052153416,0.545366597320306,-0.1337136143914597,-0.11014196735756927,-0.5327646153887046,Contact
tennis,1,-0.7630530487299695,0.15080215232007624,-0.9294142122469116,0.023575903402101597,0.6580223251364594,0.023310748151811583,0.49003500904165137,0.195157699234366,Contact
baseball,1,-0.7013798442044328,-0.031417883049403114,-0.8149660816098979,0.18797774266689585,0.4029517399872467,-0.34275453684250345,-0.3479267309090982,0.11023301377831937,Contact
tennis,1,-0.5626216992263002,-0.596707410875539,-0.6656975938740126,0.703907042734314,0.1865710811107816,-0.3776437818351278,-0.027075407951175072,0.10930121643637543,Contact
,1,-0.5146421449709419,-0.09375618456433073,-0.7795722750516055,-0.5074892026768592,-0.14378421295315458,1.1832255835639394,0.20400650937236114,-0.0803011845398403,Contact
soccer,1,-0.5721813890050627,0.18779367972961225,0.7674818021168431,0.019705477424709576,0.8572910345716382,-0.42624236284354977,-0.41417069440388377,0.9471793278383006,Contact
swim,1,-0.6735001161825528,0.597909696645093,0.5340046041904957,0.00242167763572436,-0.1820363554353894,-0.3098800054007445,-0.17972442165082692,-0.2596542914969466,Contact
marching band,0,1.5321564632176252,-0.13869662921725529,0.03863182414239133,-0.27677134641844886,-0.5878959342287867,-0.21669720544146723,0.032714277092927374,0.581984417543234,Collision
,0,1.5318704082838115,1.0297614189186493,0.8840533362509376,0.039894401731549914,0.40725538516339216,-0.1621843607683258,-0.3324638999358907,0.7041645973636913,Collision
tennis,0,1.1717041997807778,0.83116932099831,-0.21242744198244223,-0.6461230481674365,0.10774823700510668,-0.07619612103066549,0.7122671904997281,-0.21036201714085606,Collision
cross country,0,1.1961870963208565,0.7788863200555913,-1.140851312752189,-0.42544161300432365,-0.36966464957156286,0.4089206651967108,0.4961865795076398,0.27101824633655985,Collision
soccer,1,-0.2583002875782214,-1.1771188694993637,-0.17978933740036432,0.09058179109902466,-0.37014130850842153,-0.6565808263235652,0.35305201636848565,0.15463135072296005,Contact
,1,-0.5586444775446459,-0.35495846919904495,-0.17348579866077596,-0.6177505088106782,1.0168178413459839,0.26724091559547986,0.4069684496352572,-0.44690813259071405,Contact
soccer,1,-0.6735001161825528,0.597909696645093,0.5340046041904957,0.00242167763572436,-0.1820363554353894,-0.3098800054007445,-0.17972442165082692,-0.2596542914969466,Contact
,1,-0.8194666729446093,0.9366981959023207,-0.214304243268502,0.37118035870582206,0.032990832321009994,0.46934234752870707,0.46026829467666414,0.035989674967041495,Contact
,1,-0.3386936920073513,-0.7889827468172274,0.41256821409103983,-0.04783949850775946,-0.13782257040216297,0.2971542673496233,-0.09702329662837689,-0.6475379308152467,Contact
hockey,1,-0.6735001161825528,0.597909696645093,0.5340046041904957,0.00242167763572436,-0.1820363554353894,-0.3098800054007445,-0.17972442165082692,-0.2596542914969466,Contact
soccer,1,-0.5586444775446459,-0.35495846919904495,-0.17348579866077596,-0.6177505088106782,1.0168178413459839,0.26724091559547986,0.4069684496352572,-0.44690813259071405,Contact
,1,-0.5975670559342874,0.12549893864028192,0.14123202959100334,-0.45560290669728953,-0.24019403034240902,-0.32504372303655693,-0.13683903655664723,-0.21525958265616435,Contact
football,1,-0.2672605636873062,-0.8144587671485831,0.41580839967820327,-0.0919527374895714,-0.17597832967740554,0.3773295502711049,-0.11874092734908642,-0.5657997525319153,Contact
,1,-0.24943687926437835,-1.3113194972251268,-0.2043323342356397,-0.24989845465024477,0.10799710813644996,-0.06175389609921994,-0.12825355472639896,-0.2621036329192303,Contact
cross country,1,-0.6930195522161781,0.2844244110676601,0.21166720981157855,0.11284180666501802,0.5011528122870798,-0.7407478871418277,-0.19284309238001932,-0.14488097607040434,Contact
football,1,-0.18891857926285,-0.940867461883857,-0.5101844164182522,0.7524685063979124,0.6456050360434126,0.2298512568662414,-0.250667354347653,-0.37025962948809193,Contact
track,1,-0.36867558820888535,-0.43254468382155814,-0.03126342759260791,-0.8762478837469563,-0.35881140070955425,0.40400323063448756,-0.4359862069551297,-0.37594515100382836,Contact
marching band,1,-0.7630530487299695,0.15080215232007624,-0.9294142122469116,0.023575903402101597,0.6580223251364594,0.023310748151811583,0.49003500904165137,0.195157699234366,Contact
soccer,0,1.4869653053209613,0.6539813922518859,-0.0645338306538195,-0.32499385336115544,-0.00704051202818601,-0.49185360270241607,-0.06825091281784654,-0.3435009977042317,Collision
,1,-0.7351733207080894,0.7801297320145725,0.41955647355348247,-0.16198016162907006,0.07303422971382349,0.056185279593570364,0.6582373182999228,-0.17472960604090015,Contact
,1,-0.7577934684190728,0.754478160532841,-0.09985611263148837,0.5355821979706161,-0.2220797528282029,0.10327706253439194,-0.3776934452740855,-0.0489350104890051,Contact
tennis,1,-0.35821312804097666,-1.10246803239466,0.09023081971212288,0.06258063052153416,0.545366597320306,-0.1337136143914597,-0.11014196735756927,-0.5327646153887046,Contact
,1,-0.4732313511799815,0.42413292314540363,1.1840696887022222,-0.05073424349703141,0.11920820195189442,0.0005184618169285299,-0.41840630108737187,1.000124461305447,Contact
,0,1.4809117980610451,-0.12519170702777202,-0.24327397755730595,-0.27827099400700295,-0.8010724962044272,-0.40519093272536527,0.177045186138072,-0.02555751746937234,Collision
soccer,1,-0.7013798442044328,-0.031417883049403114,-0.8149660816098979,0.18797774266689585,0.4029517399872467,-0.34275453684250345,-0.3479267309090982,0.11023301377831937,Contact
,1,-0.22544298234853388,0.07842359547099377,-0.23109358871500052,-0.8198697145741884,-0.3203668575363748,0.14356436649404372,0.7187371219377378,0.17384996844535916,Contact
,0,1.7419387214405075,-0.4920679520000114,-1.0194159144671715,0.7543513647700508,-0.1770311875870123,-0.4102336380542876,0.22367111648402774,0.23710921668283427,Collision
,0,1.4727313321996254,-0.5790176854061115,-0.14898052122430902,0.03646232831618199,0.638238279518609,-0.25093129737988323,-0.09899748025194346,-0.6127917353294431,Collision
football,0,1.3267388928361759,1.282960614144445,-0.3056219728763115,0.6661912513067504,0.011073765486020131,-0.06353281713146712,-0.3091053215352848,-0.17717642553707244,Collision
cross country,1,-0.7630530487299695,0.15080215232007624,-0.9294142122469116,0.023575903402101597,0.6580223251364594,0.023310748151811583,0.49003500904165137,0.195157699234366,Contact
,1,-0.6818604081708071,0.28206740252803,-0.4926286872309809,0.07755761363760232,-0.28023742773522253,0.08811334489857964,-0.3348080601799058,-0.0045403016482227845,Contact
football,1,-0.5300199600990492,-0.39411496287025954,-0.4109925831460493,0.08131149837756226,0.9348804207795981,0.5028264258201995,-0.7732932229838956,0.28642839797378744,Contact
golf,1,-0.5533848972337492,0.24871753901372,0.6560723009546471,-0.10574421424216326,0.1367157633813216,0.3472072299780604,-0.4607600046804797,-0.691000842314085,Contact
twirling,1,-0.5204821154816912,-0.25757055381637484,0.17605238668987502,-0.10407544589466626,-0.2015041040696612,0.006132316965133433,1.0219740263520256,-0.1312666945420618,Contact
wrestling,1,-0.7065488032624927,0.7409732383433577,0.18204968906820873,0.5370818455591703,-0.008903190852562344,0.29177078981828997,-0.5220243543192301,0.5586069245236012,Contact
tennis,1,-0.6863603400990276,0.7290021402014855,-0.09661592704432555,0.49146895898880444,-0.2602355121034454,0.18345234545587355,-0.39941107599479514,0.03280316779432657,Contact
soccer,1,-0.659240260459824,0.30771897400976106,0.02678389895398988,-0.6200047459620842,0.014876554806803804,0.04102156195775801,0.7011227033941023,-0.13033489720011776,Contact
,1,-0.53474197120442,0.03262016881895697,0.683273091926381,0.5183509777031424,-0.39841701431185456,-0.3447692503933691,0.14112690130709624,-0.2605860888388907,Contact
swim,1,-0.26980492075194007,-1.24628026469633,-0.3451337773110757,0.8277453526123107,0.26912893445079916,0.40200922384006194,-0.1660725617708026,-0.16028163653629232,Contact
basketball,1,-0.617086491967913,-0.18798634693715113,-0.1811053647879138,-0.3451827776679959,0.4429951373800602,-0.75591160477764,-0.14995770728583965,-0.10048626722962214,Contact
,1,-0.7351733207080894,0.7801297320145725,0.41955647355348247,-0.16198016162907006,0.07303422971382349,0.056185279593570364,0.6582373182999228,-0.17472960604090015,Contact
soccer,1,-0.42349016056945954,-0.1823713610866526,0.8298837855258077,0.7506653315745242,-0.5578033121400151,-0.2825089452389094,0.341396889372328,-0.2751976560138387,Contact
soccer,1,-0.5975670559342874,0.12549893864028192,0.14123202959100334,-0.45560290669728953,-0.24019403034240902,-0.32504372303655693,-0.13683903655664723,-0.21525958265616435,Contact
cheer,0,1.4335852981750428,-0.0017294084811129806,0.10317460258981538,0.033897939049279,-0.44051097466910377,-0.4168451858756794,0.13692521465169513,-0.11984323491942789,Collision
soccer,1,-0.6347573639197455,0.2554359730670423,-0.9016399718157571,-0.3993233107989713,-0.46253633176986575,0.5261383481851344,0.4850420924020138,0.3510453662772982,Contact
horseback riding,1,-0.3670765363548198,-0.9682674046688967,0.11477381654739814,0.40306087627080395,0.06722818067543451,-0.7285405446158049,0.3711636037373152,-0.11602963174651423,Contact
volleyball,1,-0.39964395227057586,-0.35420128515442273,0.7318669789951397,-0.19721177513497465,0.15463411821489728,0.3206378412634114,0.8006464243281611,0.9607936093666434,Contact
track,1,-0.6735001161825528,0.597909696645093,0.5340046041904957,0.00242167763572436,-0.1820363554353894,-0.3098800054007445,-0.17972442165082692,-0.2596542914969466,Contact
basketball,1,-0.5083102431913143,-0.3968378117676179,-0.4756685187356765,-0.6576618628397751,0.005625648196203956,-0.6839518864854001,-0.16806929465466933,0.17017471523985228,Contact
soccer,1,-0.6993514539958056,0.5875060382709475,-0.09223654650435038,0.26301446682793395,0.3517429511377211,1.1264295829075117,0.1792327116470113,-0.39535687585009704,Contact
,0,1.4869653053209613,0.6539813922518859,-0.0645338306538195,-0.32499385336115544,-0.00704051202818601,-0.49185360270241607,-0.06825091281784654,-0.3435009977042317,Collision
cross country,1,-0.43754614200110903,-0.09685744837966827,0.12857467734293793,-0.7665823442805146,-0.46438695755062454,-0.0645902774604192,-0.29928153297062154,0.6629433348259162,Contact
track,1,-0.6143351574969739,0.6834990006765247,0.9753710658587471,-0.2551164908693784,0.429172451998382,0.3706908038918483,0.4369097162760582,0.9173306978678049,Contact
football,1,-0.7435336126963439,0.46428743789750915,-0.6070768178679944,-0.08684422562719223,-0.025166842586009677,0.4541786298928946,0.5031536797708438,0.08038438380782378,Contact
football,0,1.6766740223243002,0.22166342547194834,0.3314426567158995,-0.5277957220679058,0.454673267097443,0.29124542969076894,-0.42628318882621935,-0.29032917962527116,Collision
baseball,1,-0.7577934684190728,0.754478160532841,-0.09985611263148837,0.5355821979706161,-0.2220797528282029,0.10327706253439194,-0.3776934452740855,-0.0489350104890051,Contact
soccer,1,-0.659240260459824,0.30771897400976106,0.02678389895398988,-0.6200047459620842,0.014876554806803804,0.04102156195775801,0.7011227033941023,-0.13033489720011776,Contact
gymnastics,0,1.6866442654683305,0.01511516788260479,0.7292790817169713,-0.6874664130105943,0.35771060113611336,0.6657050446349047,-0.7253612014931352,0.7912589426911028,Collision
marching band,1,-0.6930195522161781,0.2844244110676601,0.21166720981157855,0.11284180666501802,0.5011528122870798,-0.7407478871418277,-0.19284309238001932,-0.14488097607040434,Contact
field hockey,1,-0.6735001161825528,0.597909696645093,0.5340046041904957,0.00242167763572436,-0.1820363554353894,-0.3098800054007445,-0.17972442165082692,-0.2596542914969466,Contact
,1,-0.6120503672919567,0.5125205303612851,0.5858900303898544,0.0021115255202272558,-0.2588443230839222,-0.24957454025881903,-0.23795598050603348,-0.08327902647752766,Contact
soccer,1,-0.4887908071576889,-0.08335252619018496,-0.1533311243567593,-0.7680819918690687,-0.6775635195262651,-0.25308400474431714,-0.15495062392547698,0.055401399813309986,Contact
volleyball,1,-0.4969712730191092,-0.5371785045685241,-0.05903766802376246,-0.4533486695458836,0.7617472561967711,-0.09882436939883513,-0.4309932903154924,-0.5318328180467606,Contact
track,1,-0.45296894044540525,-0.2759762199338101,-0.6651241444145918,-0.34308736341206475,-0.3988547981023677,0.8171602985696239,-0.6339552305783882,-0.16522586999588695,Contact
football,1,-0.3892154129016193,-0.5229163983344187,0.5644093079324561,-0.03430958345873411,-0.31361302890995624,-0.23392117101480156,0.10701559342255594,0.26832698889799067,Contact
football,1,-0.35821312804097666,-1.10246803239466,0.09023081971212288,0.06258063052153416,0.545366597320306,-0.1337136143914597,-0.11014196735756927,-0.5327646153887046,Contact
,1,-0.5083102431913143,-0.3968378117676179,-0.4756685187356765,-0.6576618628397751,0.005625648196203956,-0.6839518864854001,-0.16806929465466933,0.17017471523985228,Contact
,1,-0.61903532344094,0.18918863270670502,0.04941237510439675,1.0515114980380342,-0.43846041170466804,0.06838781754176748,-0.05684212231616232,-0.04986680783094911,Contact
cross country,1,-0.45880891095615495,-0.4397905891858541,0.2905005173268886,0.060326393370128434,-0.4565746892188742,-0.3599329680291815,0.1840122864012759,-0.21619137999810834,Contact
volleyball,1,-0.7682220077880292,0.9231932737128373,0.06760155843119522,0.37268000629437603,0.24616739429665047,0.6578360748126049,0.3159373856315196,0.6435316099796474,Contact
,0,1.5116280279878742,0.46371470704789086,0.12796904633090717,0.13528496812326424,1.0530584494180137,-0.25047053142888165,-0.4052905516708714,-0.7044689419356102,Collision
track,1,-0.6818604081708071,0.28206740252803,-0.4926286872309809,0.07755761363760232,-0.28023742773522253,0.08811334489857964,-0.3348080601799058,-0.0045403016482227845,Contact
track,1,-0.1699022595548129,-0.17733925446359733,0.8633292662174169,0.9073926871160103,-0.41752147602409506,-0.33210114191634493,0.39884052600550285,-0.3234119511211678,Contact
soccer,1,-0.7351733207080894,0.7801297320145725,0.41955647355348247,-0.16198016162907006,0.07303422971382349,0.056185279593570364,0.6582373182999228,-0.17472960604090015,Contact
,0,1.385180907259443,1.1159884918825513,-0.29800240674917344,0.39362352016406793,0.5848964694519441,0.9596197032416526,0.24782083538581207,-0.5235982908981645,Collision
,1,-0.6222554510259728,0.5844047744556097,0.815910405890193,0.0039213252242784455,0.03114020654025113,-0.12138627811684653,-0.3240553306959715,0.34788764351565965,Contact
volleyball,0,1.4722654511389768,0.7274240469910694,-0.42448575687023626,0.11353069014487398,0.09587775088791854,0.04731526224710058,-0.3432166294198251,0.351736652199809,Collision
,0,1.7470843649475196,-0.38732862959713243,-0.09146681889103075,0.3410258317276117,0.3280663642720105,-0.901412321374803,0.16389590314299726,0.11443423429347338,Collision
basketball,1,-0.8194666729446093,0.9366981959023207,-0.214304243268502,0.37118035870582206,0.032990832321009994,0.46934234752870707,0.46026829467666414,0.035989674967041495,Contact
basketball,1,-0.7351733207080894,0.7801297320145725,0.41955647355348247,-0.16198016162907006,0.07303422971382349,0.056185279593570364,0.6582373182999228,-0.17472960604090015,Contact
,1,-0.4783283469897803,-0.7532758747632872,-0.03183687705202843,0.17074652239942212,0.22661447850359512,-0.7908008497702644,0.1708936156720835,-0.10141806457156612,Contact
tennis,1,-0.17889623370911362,-0.9145082647515059,0.3373481574053199,-0.5235309274712759,-0.1837528801096985,0.9839784630620015,0.5202643880531916,0.49196493714229916,Contact
,1,-0.8194666729446093,0.9366981959023207,-0.214304243268502,0.37118035870582206,0.032990832321009994,0.46934234752870707,0.46026829467666414,0.035989674967041495,Contact
field hockey,1,-0.29995860015864634,-1.0452531487423184,-0.05249124039422357,-0.2363685396012194,-0.06779335037134297,-0.5928293344636446,0.07578533532453384,0.6537612867940072,Contact
,1,-0.5454646037047503,0.34781176523463486,0.8155329609232013,-0.3647820303358203,0.5347480088394526,0.8392843119867552,0.3002050422915498,-0.1215577879619395,Contact
volleyball,1,-0.6863603400990276,0.7290021402014855,-0.09661592704432555,0.49146895898880444,-0.2602355121034454,0.18345234545587355,-0.39941107599479514,0.03280316779432657,Contact
,0,1.095771139532512,1.3035800790031216,0.1803451326170503,-0.1880984638344225,0.16590591191212645,-0.06103240339485308,0.6693818054055485,-0.2547567259816384,Collision
,1,-0.7577934684190728,0.754478160532841,-0.09985611263148837,0.5355821979706161,-0.2220797528282029,0.10327706253439194,-0.3776934452740855,-0.0489350104890051,Contact
,1,-0.14773927930438943,-1.348129049988674,0.5102755287235109,0.00761490968472732,0.5566266250834165,0.048496590684240885,-0.2627244966041762,0.2958474674205015,Contact
volleyball,1,-0.6347573639197455,0.2554359730670423,-0.9016399718157571,-0.3993233107989713,-0.46253633176986575,0.5261383481851344,0.4850420924020138,0.3510453662772982,Contact
soccer,1,-0.7351733207080894,0.7801297320145725,0.41955647355348247,-0.16198016162907006,0.07303422971382349,0.056185279593570364,0.6582373182999228,-0.17472960604090015,Contact
,1,-0.6735001161825528,0.597909696645093,0.5340046041904957,0.00242167763572436,-0.1820363554353894,-0.3098800054007445,-0.17972442165082692,-0.2596542914969466,Contact
,0,1.208689009214629,1.1078551214441585,0.5766990649537612,-0.02219697698107385,0.12401188873855422,-0.23860396110527,-0.31291084359034566,0.2678605235749215,Collision
,0,1.8457515097106523,-0.33515113031032645,-0.06321780326626998,0.11077071540586518,-0.8201769579166679,-0.39252282424834106,0.4347588108364787,-0.08838337975164956,Collision
basketball,0,1.6062040142654679,-0.2247934211516831,-0.23760273729685114,0.301355575735556,0.45976799681781794,-0.9576107294361236,0.2394817394108843,-0.22965947961963362,Collision
football,0,1.932736055810846,-0.8751232662063165,0.39680388120546484,-0.25289133971663047,-0.5917944390794763,0.5162366306631561,-0.019789009938459,0.2624593606116599,Collision
golf,0,1.267620224640901,0.7534102997242359,-1.137611127165026,-0.4695548519861354,-0.40782040884680554,0.4890959481181922,0.4744689487869302,0.35275642461989154,Collision
cross country,1,-0.23520290614304226,-0.07832041956712997,-0.11988564366515025,-0.6113546363275824,-0.5372816834103451,-0.30267620142175267,-0.09750698729230205,0.007187104705981053,Contact
volleyball,1,-0.3849668584599188,-0.1192645462476727,-0.23947953858291124,1.3186589826088142,0.38501059213372124,-0.4120722608767512,-0.012517156412179835,0.016692212488264083,Contact
soccer,0,1.3339731872214924,-0.013728157579975293,-0.29824900896019435,-0.479466971751236,0.8546189383950739,-0.21604205238725857,-0.41984880320986656,-0.611859937987499,Collision
basketball,1,-0.6735001161825528,0.597909696645093,0.5340046041904957,0.00242167763572436,-0.1820363554353894,-0.3098800054007445,-0.17972442165082692,-0.2596542914969466,Contact
archery,1,-0.3734084381344474,-0.6651857774656096,-0.18912993976853104,0.5532335364337198,-0.08218168047392448,1.138636925433535,0.7432394077643457,-0.3665055315262068,Contact
soccer,1,-0.6807085279664766,0.3714086680761847,-0.06503575553261678,0.88710965877324,-0.183389826555455,0.43445310253608244,0.7811196176345873,0.035057877625097496,Contact
,1,-0.4887908071576889,-0.08335252619018496,-0.1533311243567593,-0.7680819918690687,-0.6775635195262651,-0.25308400474431714,-0.15495062392547698,0.055401399813309986,Contact
baseball,1,-0.18638767610717386,-0.6145645814434139,0.5764365909120158,-0.9696943651027621,-0.07948114607352832,0.7788142200746909,-0.7155453678342009,0.892490417924296,Contact
,1,-0.6024298063793515,0.20492136036638847,-0.3983781950245191,0.11753802174515512,-0.33513109263249713,0.08400628781797484,-0.35216233759258625,0.16317814724546542,Contact
golf,0,1.053631555787904,0.9644432219439574,-0.6614048479468376,0.6198840247945576,0.5539810970925693,-0.44480850219511436,-0.3796676288976521,-0.01418881500320121,Collision
volleyball,1,-0.6173099476028535,-0.09115547785147976,-0.24366806922556838,-0.5098947690482876,0.6212577548807403,-0.32954085464139965,0.6297724738097035,0.16081368324584328,Contact
baseball,1,-0.53474197120442,0.03262016881895697,0.683273091926381,0.5183509777031424,-0.39841701431185456,-0.3447692503933691,0.14112690130709624,-0.2605860888388907,Contact
football,1,-0.23282332400523037,-0.27360520466522087,0.22849640980985442,-0.1469753664304028,0.7415598705743458,-0.6211171312517824,-0.25419925711048974,0.6265598215693431,Contact
,1,-0.5926035954278343,-0.2402693478798699,-1.1095292355576607,-0.12450134250488319,-0.034417749196609525,-0.27079481855026355,-0.3660383182779279,0.3808939962477938,Contact
swim,1,-0.7682220077880292,0.9231932737128373,0.06760155843119522,0.37268000629437603,0.24616739429665047,0.6578360748126049,0.3159373856315196,0.6435316099796474,Contact
,0,1.4701972037582747,1.2119814542881284,0.769605205613924,-0.12450743753324446,0.6623259703126049,0.20388092422598927,0.5054978400148586,0.7890892828197378,Collision
volleyball,1,-0.4783283469897803,-0.7532758747632872,-0.03183687705202843,0.17074652239942212,0.22661447850359512,-0.7908008497702644,0.1708936156720835,-0.10141806457156612,Contact
,0,1.6502063468391717,0.03640886348303118,-0.8436892136876811,0.41161688186937534,-0.7008340574813205,-0.04162606146766427,0.036519799147988315,0.1369474684312402,Collision
football,1,-0.29748303830028416,-1.0513932138174613,0.3886826071529657,0.30842489944194135,0.2101898409843525,-0.6025287476014248,0.29416691075859525,0.3684887371495848,Contact
volleyball,1,-0.34755710032119436,-0.6547821190914638,0.43711121092631516,0.2926407472415103,-0.6159609870470345,-0.2976726628747217,0.3842822744665076,-0.2308029471730564,Contact
baseball,0,1.6315634208098433,0.2525062336777941,-0.8708900046594147,-0.2124783100759305,-0.1657012797881447,0.6503504189037651,-0.5653671068395877,-0.2934672850439544,Collision
soccer,0,1.1490840520697951,0.8055177495165788,-0.7318400281674129,0.05143931143225012,-0.18736574553691956,-0.029104338089843793,-0.32366357307428,-0.08456742158896113,Collision
soccer,1,-0.6818604081708071,0.28206740252803,-0.4926286872309809,0.07755761363760232,-0.28023742773522253,0.08811334489857964,-0.3348080601799058,-0.0045403016482227845,Contact
,1,-0.5730841593942089,0.0732159376975631,-0.7871918411787434,-0.23492147153417683,-0.7176069169190786,0.1600730631908194,-0.3529196475487355,0.26612068082125145,Contact
tennis,1,-0.6735001161825528,0.597909696645093,0.5340046041904957,0.00242167763572436,-0.1820363554353894,-0.3098800054007445,-0.17972442165082692,-0.2596542914969466,Contact
volleyball,0,1.353492623255118,0.2997571279974577,0.024088385418722737,-0.5898871007805295,0.17142977067260495,0.2148258293538244,-0.4067301324806742,-0.7266332534140412,Collision
soccer,1,-0.7351733207080894,0.7801297320145725,0.41955647355348247,-0.16198016162907006,0.07303422971382349,0.056185279593570364,0.6582373182999228,-0.17472960604090015,Contact
track,1,-0.5400015515153168,-0.5710558393938079,-0.1462850076890421,0.006344683134627491,0.48168506365280805,-0.42473556477594965,1.008855355622833,-0.01649337911551959,Contact
volleyball,1,-0.617086491967913,-0.18798634693715113,-0.1811053647879138,-0.3451827776679959,0.4429951373800602,-0.75591160477764,-0.14995770728583965,-0.10048626722962214,Contact
soccer,1,-0.45880891095615495,-0.4397905891858541,0.2905005173268886,0.060326393370128434,-0.4565746892188742,-0.3599329680291815,0.1840122864012759,-0.21619137999810834,Contact
swim,1,-0.45653884764939956,-0.03930781938838786,0.4779288704035206,1.28532549949797,-0.38467014755718804,0.319141849980125,-0.0009030432960750992,0.5430635600067087,Contact
basketball,1,-0.61903532344094,0.18918863270670502,0.04941237510439675,1.0515114980380342,-0.43846041170466804,0.06838781754176748,-0.05684212231616232,-0.04986680783094911,Contact
baseball,1,-0.3021292459210334,-0.6583918551095348,0.6536823095527112,0.9007557165958734,-0.006315776963353256,-0.6571784189186718,0.2526923823752486,0.1836693733258105,Contact
soccer,1,-0.5504640116832255,0.09886750917929421,-0.26777925499377275,-0.9324838311338632,-0.42249293437705226,0.11298128024999779,0.6830111160252724,0.14032608526935667,Contact
,1,-0.5626216992263002,-0.596707410875539,-0.6656975938740126,0.703907042734314,0.1865710811107816,-0.3776437818351278,-0.027075407951175072,0.10930121643637543,Contact
,1,-0.7577934684190728,0.754478160532841,-0.09985611263148837,0.5355821979706161,-0.2220797528282029,0.10327706253439194,-0.3776934452740855,-0.0489350104890051,Contact
soccer,1,-0.5812646252556293,-0.38061004068077614,-0.6928983848457467,0.07981185078900813,0.7217038588039576,0.31433269853630136,-0.6289623139387509,-0.321113537038819,Contact
lacrosse,0,1.6003287464979765,0.2296309200592893,-0.3317456132462147,-0.25899711542917075,0.561184928770508,-0.7822407363800922,-0.16131877312295506,0.029385761025061217,Collision
,1,-0.7577934684190728,0.754478160532841,-0.09985611263148837,0.5355821979706161,-0.2220797528282029,0.10327706253439194,-0.3776934452740855,-0.0489350104890051,Contact
fencing,1,-0.5626216992263002,-0.596707410875539,-0.6656975938740126,0.703907042734314,0.1865710811107816,-0.3776437818351278,-0.027075407951175072,0.10930121643637543,Contact
golf,1,-0.6542767999533708,-0.05804931251039064,-1.2239773661946742,-0.2889031817696776,0.22065283595260338,0.09527046644405132,0.4719234216728216,0.46581868170384044,Contact
soccer,1,-0.23737496482986117,-1.199098763732708,0.6460454120173876,-0.030555698718774234,0.9015048196048645,0.1807919099068182,-0.33146956938143385,0.5592956885200008,Contact
,1,-0.31173523360891064,-0.8474058128350888,-0.07468180913151738,0.7176353756985142,-0.33725226562313726,0.7725716404392198,-0.09472233218640365,-0.4514302169822534,Contact
,1,-0.2811540701897734,0.03765227544201224,0.7167185726179902,0.6750783332446286,-0.2581351781959344,-0.3943614470708046,0.19857053794027107,-0.30880038394621967,Contact
basketball,1,-0.19819221410779836,-1.3248244194146102,0.07757346746405755,-0.2483988070616907,0.3211736701120905,0.126739831184678,-0.27258446377154355,0.34543830209337606,Contact
,1,-0.5975670559342874,0.12549893864028192,0.14123202959100334,-0.45560290669728953,-0.24019403034240902,-0.32504372303655693,-0.13683903655664723,-0.21525958265616435,Contact
,0,1.8199001718973997,-0.34555478868447215,-0.6894589539611166,0.371363504598075,-0.2863976513435576,1.0437867640599152,0.7937159441343168,-0.2240859641047998,Collision
,1,-0.4887908071576889,-0.08335252619018496,-0.1533311243567593,-0.7680819918690687,-0.6775635195262651,-0.25308400474431714,-0.15495062392547698,0.055401399813309986,Contact
,0,1.1574443440580489,1.121360043633642,0.2947932632540637,-0.023696624569627907,-0.08916467323708638,-0.42709768838916795,-0.16857993454520104,-0.3396814114376849,Collision
soccer,0,2.0354602267139916,-0.7674690970902643,0.3327586841034488,-0.09203115330088515,-0.35846317879103895,0.3905762081448438,0.07672653482810589,-0.03521156167268892,Collision
baseball,1,-0.5384020972487085,0.21108824267171328,0.5825984912592543,-0.7131410752023924,0.3710147770913622,0.3555270862560359,0.4797951013702378,0.9617254067085873,Contact
football,1,-0.2029589848323122,-1.0562572776655554,-0.3692449630792797,0.4051562905267351,-0.7746217548069931,0.8445313587314593,-0.11283391955523328,-0.18076923451277926,Contact
,1,-0.6963437195284767,0.6690889942490331,-0.04797068643212963,0.535272045855119,-0.2988877204767356,0.1635825276763174,-0.435925004129292,0.12744025453041383,Contact
cross country,1,-0.1610388512409699,-0.3115398821893609,0.8387862693821416,0.5669124413667409,0.060616940620776535,0.26272578830800025,-0.08246504508938171,-0.7401469347633581,Contact
soccer,1,-0.43780631433353034,-0.4515892005370928,0.38232879364448885,-0.7108868380509866,1.3729560636305425,0.5817464398937578,0.18564084761139257,0.6451521713179914,Contact
,1,-0.6275150313368696,-0.019271233757155143,-0.013647693725230035,-0.5080849693442363,0.9112422845049136,-0.20135259249942708,0.5436731236197654,0.5919803532390308,Contact
,1,-0.5975670559342874,0.12549893864028192,0.14123202959100334,-0.45560290669728953,-0.24019403034240902,-0.32504372303655693,-0.13683903655664723,-0.21525958265616435,Contact
field hockey,1,-0.4887908071576889,-0.08335252619018496,-0.1533311243567593,-0.7680819918690687,-0.6775635195262651,-0.25308400474431714,-0.15495062392547698,0.055401399813309986,Contact
basketball,1,-0.672100484376299,0.4388114175661536,-0.6038366322808313,-0.1309574646090039,-0.06332260186125212,0.5343539128143762,0.4814360490501341,0.16212256209115541,Contact
crew,1,-0.61903532344094,0.18918863270670502,0.04941237510439675,1.0515114980380342,-0.43846041170466804,0.06838781754176748,-0.05684212231616232,-0.04986680783094911,Contact
,1,-0.4229870442438712,-0.6324142829294793,-0.22129250273094433,0.4853210218271324,-0.17786596779497643,0.7103113352847598,-0.29499232025163546,-0.43681864980730517,Contact
football,1,-0.3435564424524154,-0.7095603250911209,-0.12704201052448244,0.5253014299346852,-0.2327596326922511,0.706204278204155,-0.31234659766431594,-0.269100200913617,Contact
,1,-0.4774518369854839,-0.2236932189910913,0.2632997263551547,-0.5637687985751773,0.0785580884743019,0.33204351234224794,-0.41787461958629996,-0.6466061334733029,Contact
,1,-0.7577934684190728,0.754478160532841,-0.09985611263148837,0.5355821979706161,-0.2220797528282029,0.10327706253439194,-0.3776934452740855,-0.0489350104890051,Contact
,1,-0.0416564277274888,-0.7907294585015228,1.6539019930010446,0.5890333664483838,-0.014614603584553012,0.745282222499494,-0.23655213194907632,0.729609810990835,Contact
gymnastics,0,1.801469353230773,-0.6097774216882725,0.00844695996288371,-0.32265720215256255,-0.4796855142391813,0.7562901186430909,0.8951694229910104,-0.13713432282839252,Collision
soccer,1,-0.5975670559342874,0.12549893864028192,0.14123202959100334,-0.45560290669728953,-0.24019403034240902,-0.32504372303655693,-0.13683903655664723,-0.21525958265616435,Contact
cheer,1,-0.6818604081708071,0.28206740252803,-0.4926286872309809,0.07755761363760232,-0.28023742773522253,0.08811334489857964,-0.3348080601799058,-0.0045403016482227845,Contact
tennis,1,-0.43254673402263355,0.15208680767567218,1.2118868932599118,-0.19888054348247178,0.49285398566588007,0.6617127542763381,-0.6820876067043443,0.40105946159462014,Contact
,1,-0.2274418813723907,-1.0039742767228368,0.5591789076904669,0.18447485536362238,-0.2972088682303238,0.3594145725040832,0.10324669143685491,-0.662149497990195,Contact
cheer,1,-0.11596419719853515,-0.9570952329706988,-0.29295455030818196,0.01499479276912933,-0.07047317456434095,-0.7684333281554603,0.21022566493642866,0.12102862279057915,Contact
,0,1.6751721558890156,0.36798388525977754,-0.2648464923951203,-0.5974925304253819,-0.49930366610931687,-0.4240009414907812,-0.10371677759935664,0.09487843365893076,Collision
,0,1.3226342170492877,0.12661253522093097,-0.7148798596721084,-0.6837801650451273,0.098497330394507,-0.8011695694738239,-0.15692480754904353,0.0901475952991139,Collision
,0,1.4249257515751628,0.274281107666102,0.027328571005885937,-0.6340003397623416,0.13327401139736228,0.29500111227530595,-0.42844776320138367,-0.6448950751307095,Collision
lacrosse,1,-0.173789873949927,-0.6152722070940337,0.24831660327341437,-0.39125729083326,1.0449907526216093,-0.022404769061890838,-0.45054634666103743,-0.09552874425799049,Contact
netball,1,-0.5279735578797518,0.04237312949171735,0.41514082019657095,-0.5502388835261522,-0.097232370033491,-0.19903192602217698,-0.2138357295353672,0.26925878623993466,Contact
,1,-0.6104272798507623,0.25659138219667427,-0.4893885016438179,0.03344437465579047,-0.31839318701046504,0.16828862782006118,-0.3565256909006155,0.07719787663510887,Contact
,1,-0.41735767883764396,-0.10882854652154071,-0.15009093876959603,-0.8121952308508806,-0.7157192788015075,-0.17290872182283573,-0.17666825464618652,0.13713957809664162,Contact
tennis,1,-0.4887908071576889,-0.08335252619018496,-0.1533311243567593,-0.7680819918690687,-0.6775635195262651,-0.25308400474431714,-0.15495062392547698,0.055401399813309986,Contact
,1,-0.4774518369854839,-0.2236932189910913,0.2632997263551547,-0.5637687985751773,0.0785580884743019,0.33204351234224794,-0.41787461958629996,-0.6466061334733029,Contact
basketball,1,-0.659240260459824,0.30771897400976106,0.02678389895398988,-0.6200047459620842,0.014876554806803804,0.04102156195775801,0.7011227033941023,-0.13033489720011776,Contact
tennis,1,-0.3500326621795566,-0.648642054016321,-0.004062636620873843,-0.2521526918016506,-0.8939441784027302,-0.28797324973694177,0.1659006990324462,0.054469602471365945,Contact
taekwondo,1,-0.5812646252556293,-0.38061004068077614,-0.6928983848457467,0.07981185078900813,0.7217038588039576,0.31433269853630136,-0.6289623139387509,-0.321113537038819,Contact
