Sport_Name,Cluster_2,PC1,PC2,PC3,PC4,PC5,PC6,PC7,PC8
football,1,-0.4387167451367785,-0.4799636209161842,0.20175972813010942,-0.7522978396686377,0.14858730850511667,0.557940089471021,-0.24506598763338994,0.6546930841359535
swim,1,-0.7630530487299696,0.15080215232007682,0.9294142122469111,0.023575903402101528,0.65802232513646,-0.02331074815180606,0.49003500904165076,0.19515769923436851
basketball,1,-0.5975670559342873,0.12549893864028178,-0.14123202959100298,-0.4556029066972883,-0.24019403034241063,0.32504372303655615,-0.1368390365566486,-0.21525958265616438
basketball,1,-0.6542767999533702,-0.058049312510391055,1.2239773661946742,-0.28890318176967533,0.22065283595260163,-0.09527046644404508,0.4719234216728244,0.4658186817038429
soccer,1,-0.47248033828147107,0.4325200593889795,0.1068422246190994,0.8042293301299469,0.8145678129858289,0.18868928860022355,-0.4776993884152484,0.6251659448428141
football,1,-0.7013798442044329,-0.031417883049404044,0.8149660816098987,0.1879777426668947,0.4029517399872473,0.3427545368425015,-0.3479267309091006,0.11023301377832026
soccer,1,-0.681860408170807,0.2820674025280292,0.49262868723098185,0.07755761363760261,-0.28023742773522103,-0.08811334489858341,-0.3348080601799063,-0.004540301648223444
tennis,1,-0.6592402604598239,0.30771897400976267,-0.026783898953990568,-0.6200047459620814,0.014876554806802084,-0.04102156195775142,0.7011227033941028,-0.1303348972001161
soccer,1,-0.681860408170807,0.2820674025280292,0.49262868723098185,0.07755761363760261,-0.28023742773522103,-0.08811334489858341,-0.3348080601799063,-0.004540301648223444
soccer,1,-0.38425195239516596,-0.8886846848545722,0.6863519572162073,0.29679198073367274,-0.10783674776415661,0.17967226652850715,-0.12218368829872692,0.8644805678019508
basketball,1,-0.5347419712044204,0.03262016881895741,-0.6832730919263822,0.5183509777031446,-0.3984170143118537,0.3447692503933687,0.14112690130709207,-0.2605860888388908
football,0,1.4727313321996243,-0.579017685406112,0.1489805212243088,0.03646232831617863,0.6382382795186095,0.2509312973798856,-0.09899748025194534,-0.6127917353294435
tennis,1,-0.5975670559342873,0.12549893864028178,-0.14123202959100298,-0.4556029066972883,-0.24019403034241063,0.32504372303655615,-0.1368390365566486,-0.21525958265616438
,1,-0.6159346117635829,-0.09864508138899503,-0.24648756691045295,0.4643692674676435,0.5398427385598273,0.40957184714014605,0.9659699705286492,-0.0608880879562988
track,1,-0.6204106592802109,0.19667823624422145,0.440743261031623,0.07724746152210527,-0.3570453953837541,-0.14841881004050983,-0.3930396190351121,0.17183496337119622
rowing,1,-0.3633820870990364,-0.33007691100189895,-1.0872465903902295,0.41168473341380485,0.13351166648049903,-0.5008117122693367,-0.2842395907676992,-0.08439070464342488
,1,-0.6735001161825525,0.597909696645093,-0.5340046041904952,0.002421677635725039,-0.18203635543539087,0.309880005400743,-0.1797244216508286,-0.259654291496947
,1,-0.4588089109561551,-0.43979058918585373,-0.29050051732688986,0.06032639337013124,-0.45657468921887345,0.35993296802918184,0.18401228640127207,-0.2161913799981081
baseball,1,-0.510500524065423,-0.08062967729282719,0.08865518876713449,-0.029108630651737133,0.2516912530571317,-0.9336943075612889,-0.7601745522546975,0.1716550825472424
soccer,1,-0.7577934684190721,0.7544781605328403,0.09985611263148961,0.535582197970616,-0.22207975282820128,-0.10327706253439656,-0.3776934452740862,-0.04893501048900609
soccer,1,-0.33869369200735144,-0.788982746817227,-0.41256821409104005,-0.0478394985077612,-0.1378225704021614,-0.2971542673496238,-0.0970232966283743,-0.6475379308152482
track,1,-0.5253448659267557,-0.17814813209026664,0.3635578379256452,0.46906548254778213,-0.2964411663597455,-0.4151823278196616,0.8066507253160847,0.24717103535956944
,1,-0.46514847314988483,-0.05050564032960747,-0.9571818825319498,0.42371500087427993,-0.2554553540029364,0.2187574533789877,0.06413020832837149,0.22393228005720908
bowling,1,0.05592083538187509,-0.8925524696740907,-0.7231626709753797,-0.029861358776950786,0.10726516674743378,-0.4537491506080523,-0.13829398369462703,-0.1294956787431457
soccer,1,-0.6735001161825525,0.597909696645093,-0.5340046041904952,0.002421677635725039,-0.18203635543539087,0.309880005400743,-0.1797244216508286,-0.259654291496947
,1,-0.10302577275972108,-0.31529184370608393,-0.8525597993520277,-0.5001777722740065,0.5749781468747808,-0.5969568399630953,-0.5817585849769834,0.3972398753280718
track,1,-0.5533848972337488,0.24871753901371968,-0.6560723009546454,-0.1057442142421674,0.13671576338132116,-0.34720722997806264,-0.46076000468047495,-0.6910008423140871
,1,-0.43185045255771476,-0.4982136552037156,0.19674950589566745,0.8258012675764049,-0.656004384439844,-0.1154844050604169,0.18631325084324593,-0.020083666165115643
,0,1.411032245072696,1.1263921502566965,-0.328238743945673,0.13303073097185902,0.05111716287883303,0.47668988506660254,-0.11113629791202816,-0.3878957065450154
swim,1,-0.6787596964934499,-0.005766311567670573,0.29555349542492626,-0.5095846169327894,0.6980657225292703,0.3898463197833335,0.6880040326649084,-0.01556158177357242
,1,-0.699351453995805,0.5875060382709478,0.09223654650435184,0.2630144668279303,0.35174295113772347,-1.1264295829075095,0.17923271164701884,-0.39535687585009793
soccer,0,1.545407319744228,0.487009269989993,0.05691426452668155,-0.59756158450384,0.566782191937738,-0.5312989176706976,0.4886752441032569,-0.6899228630653246
football,1,-0.33901569441318674,-0.2352372412568164,1.076083754866052,0.032226013036603995,0.10586408691931035,0.32038701522769747,-0.30859468164474985,0.3326797011404652
swim,0,1.3884379799631046,-0.42244922151836467,0.7828412380462937,0.5696228486510696,0.5981948821257991,-0.16222577055525395,-0.29696650387520296,-0.40207245432150257
swim,1,-0.49624832875679764,-0.28461707827519944,-0.37470922751735103,-0.4383191069083082,0.7991333596646155,0.44140608047936025,-0.3712853093097085,0.9915740366790852
,1,-0.6735001161825525,0.597909696645093,-0.5340046041904952,0.002421677635725039,-0.18203635543539087,0.309880005400743,-0.1797244216508286,-0.259654291496947
tennis,1,-0.5533848972337488,0.24871753901371968,-0.6560723009546454,-0.1057442142421674,0.13671576338132116,-0.34720722997806264,-0.46076000468047495,-0.6910008423140871
,0,1.5603423998525012,-0.20233774918941466,0.1490234853508434,-0.2382905858994448,-0.8559661611017034,0.40929798980597104,0.15969090872538774,0.14216093142431577
,1,-0.48319109743484506,-0.6738534530371807,0.5714471016675495,0.7438874508418672,0.13167741621351012,0.38175083891573086,-0.04442968536386113,0.27701966533006483
,1,-0.452960902247845,0.7460053449664128,-0.2154951697598174,0.693809201100655,0.1313786452633607,-0.24217859314086132,-0.464580717686054,0.5103926294162704
basketball,1,-0.6170864919679133,-0.18798634693715144,0.1811053647879138,-0.34518277766799627,0.4429951373800577,0.7559116047776411,-0.14995770728584296,-0.10048626722962069
,1,-0.49697127301910965,-0.5371785045685247,0.05903766802376362,-0.4533486695458887,0.7617472561967698,0.09882436939883543,-0.4309932903154894,-0.5318328180467609
baseball,0,1.5032677359996192,0.14787241293082637,0.8986642450905706,0.21042090412513625,0.954857377118183,-0.14752281887044466,-0.5603741901999465,-0.4493549520868883
,0,1.856867024247916,-0.3786609540255594,-0.2908503430079918,0.1503719173194651,0.11420726758458191,-0.6189754429744576,0.9515649962712033,-0.5290909625627972
soccer,0,1.4770477977256768,0.25795317675333146,-0.8645812351949453,0.6299110525403103,-0.321969969632794,0.27371483121295304,0.27554468349922634,0.12929359294152168
,1,-0.5617451892220032,-0.06712475510334406,0.37056099046683166,-0.030608278240289832,0.038514691081491054,-0.7452005802773891,-0.6158436432095526,-0.4358868524653636
,0,1.209358036344467,0.7823987377248534,0.024303945537691524,0.04261026547785374,0.5558687352101366,0.7777902872087701,-0.203416235995109,-0.14316991772781001
,0,1.3154258052653631,-0.09988849334797847,1.3139202193952197,0.20090781609239194,0.09714385927444144,0.05683646153700517,0.8039192317363683,0.3848597644211602
cheer,1,-0.6376782494702684,0.40528600290146705,-0.022211584132660528,0.4274163060927235,0.09667236598851078,-0.7603642979132021,-0.6587290283037327,-0.4802815613061462
basketball,1,-0.7435336126963435,0.46428743789751004,0.6070768178679943,-0.08684422562719052,-0.02516684258600832,-0.45417862989289093,0.5031536797708451,0.08038438380782484
soccer,1,-0.27796360226665967,-0.7379079282400278,-0.711020001531885,0.1980047704126493,-0.47299932673811634,0.17166086586034163,0.30728558148778296,0.2537154217230433
,1,-0.5730841593942075,0.0732159376975613,0.7871918411787452,-0.23492147153417425,-0.7176069169190793,-0.16007306319082243,-0.3529196475487326,0.26612068082125095
,1,-0.735173320708089,0.7801297320145737,-0.4195564735534828,-0.16198016162906814,0.07303422971382187,-0.05618527959356456,0.6582373182999227,-0.17472960604089874
,0,1.705154052090549,0.011545822264108788,-0.17898514928852974,0.23091585481381827,-0.2783148358019239,0.530849904775645,0.23524613272739134,-0.1767143461524881
basketball,1,-0.5181364541428315,0.048352896478640675,-0.23548252179746512,-0.4156224985897352,-0.295087695239685,0.3291507801171598,-0.1541933139693298,-0.047541133762475984
,0,1.2333774043063142,0.6489492856288299,0.09797931134542912,-0.4817212089026406,-0.14732234814410805,0.4422614060249807,-0.12569454945102532,-0.29528670259690326
golf,1,-0.5975670559342873,0.12549893864028178,-0.14123202959100298,-0.4556029066972883,-0.24019403034241063,0.32504372303655615,-0.1368390365566486,-0.21525958265616438
soccer,1,-0.6242949037518374,-0.4144873755060588,0.7801457245110242,0.539505203469521,0.44164166625999723,0.01157849684081963,0.8108863319995715,0.19422590189242475
fencing,1,-0.4417835360151851,-0.6933381422135876,0.10988300156874689,0.6107707134940022,0.5427093033953425,0.06313825753684638,-0.24840300997504544,1.2013615203450825
,0,1.6583251894263449,0.2912843124310291,-0.33943966781002805,-0.4316600976504941,0.524888168764166,-0.3537273599602898,-0.4936174048926395,-0.1673056135087669
basketball,0,1.76077237289838,-0.832816837315119,0.6461224863013767,0.25420042807808996,0.20414456309653053,-0.559052907114198,-0.5567124672777707,0.9019623553570181
,0,1.808011362400805,-0.09332803319610583,-0.6924346755866914,0.09748896535045581,0.05590908373137529,0.15193185825483413,-0.026958750738998796,0.9240027738819491
,0,1.9877657468308927,-0.5661427874623566,-0.7295693413518047,0.35656396439586135,0.09422754716226853,-0.3769913630415197,0.010149628717831538,-0.015130529131970744
gymnastics,0,1.7727971276463372,-0.3189233592234851,0.2804476693763396,0.8482444290346466,-0.10409874730890817,-0.6057617607733632,-0.026134208447599977,-0.5796716320303242
football,0,1.9260480463445409,-0.4948277783674457,0.08452061451438347,-0.2738227693252152,-0.3801943005470393,-0.2824793888974857,-0.06826439097910961,-0.42338018511051
soccer,1,-0.6369553052079564,0.6578474291947922,-0.45595847967377534,0.442445868730304,0.13405846945635677,-0.41778258683267744,-0.5990210472979517,1.0431252934197
,1,-0.6592402604598239,0.30771897400976267,-0.026783898953990568,-0.6200047459620814,0.014876554806802084,-0.04102156195775142,0.7011227033941028,-0.1303348972001161
basketball,1,-0.43432601441607543,-0.49207359012857427,0.6379233534428583,0.28100782853324524,-0.9339875757955421,-0.12518381819819674,-0.032068324590811964,0.26518888347930714
field hockey,1,-0.48879080715768797,-0.0833525261901861,0.15333112435676036,-0.7680819918690651,-0.6775635195262689,0.25308400474431714,-0.154950623925475,0.05540139981331002
,0,1.5565588033754967,0.5708555831033205,-0.20937495995174835,-0.41962983019001904,0.13592114828073057,0.36584180568803465,-0.14524760579656873,0.1410173711918671
soccer,1,-0.43432601441607543,-0.49207359012857427,0.6379233534428583,0.28100782853324524,-0.9339875757955421,-0.12518381819819674,-0.032068324590811964,0.26518888347930714
,0,1.265065688310639,1.4651806495139248,0.4200701035133243,0.5017894120419567,0.26614435063523545,-0.3025324678628446,0.5288564184154657,-0.09225174008102618
,0,1.5115813412681498,0.3891703667328992,0.4154629780233915,-0.3985994940771469,-0.38356073935999535,-0.4978416525640875,-0.64305195204289,1.53626730809197
track,1,-0.5617451892220032,-0.06712475510334406,0.37056099046683166,-0.030608278240289832,0.038514691081491054,-0.7452005802773891,-0.6158436432095526,-0.4358868524653636
football,1,0.03891367790409217,-0.7606151990835694,-0.5256823034044482,0.4049447116856918,-0.5906428778548889,0.20678411148874876,0.3617767215237656,-0.02090379897763417
volleyball,1,-0.40406670425638436,-0.05803079553216681,-1.0594293858325414,0.5598310333992503,-0.24013411723348738,0.16038258019007262,-0.020558285150734046,0.5146742950674036
,1,-0.5431022631926747,-0.28322212529810636,0.343360199495095,0.5934869137050222,-0.49661808661168383,-0.05322409990595772,-0.013956737221985566,-0.005472098990167179
,1,-0.7577934684190721,0.7544781605328403,0.09985611263148961,0.535582197970616,-0.22207975282820128,-0.10327706253439656,-0.3776934452740862,-0.04893501048900609
cheer,1,-0.4234901605694603,-0.1823713610866518,-0.8298837855258097,0.7506653315745274,-0.5578033121400139,0.2825089452389095,0.3413968893723236,-0.2751976560138392
,0,1.3267388928361763,1.2829606141444438,0.3056219728763119,0.6661912513067499,0.011073765486022652,0.06353281713146297,-0.3091053215352858,-0.17717642553707447
bowling,0,1.2368749458495043,1.0442140014719998,-0.3890437554605253,0.016283783537925922,-0.14405833813436264,0.4312047454697712,-0.1859342119578865,-0.17196296254399754
football,1,0.0008268544379711473,-0.9216228074206996,0.43052474978773947,0.3292591400813417,-0.5517615885114419,-0.7929843220414938,-0.3138918298424871,-0.037996697425742715
volleyball,1,-0.1662984315518672,-0.9152158904021237,-0.009228169766720667,0.05490614679822392,0.9407190185854408,-0.18275947392541136,0.7852634092263598,-0.49605422503998575
,1,-0.5626216992263008,-0.5967074108755395,0.6656975938740117,0.7039070427343143,0.18657108111078444,0.3776437818351272,-0.027075407951179936,0.1093012164363765
,1,-0.48879080715768797,-0.0833525261901861,0.15333112435676036,-0.7680819918690651,-0.6775635195262689,0.25308400474431714,-0.154950623925475,0.05540139981331002
,1,-0.5116344105036116,-0.01217322858624642,0.7353064149793863,-0.23523162364967162,-0.7944148845676123,-0.22037852833274885,-0.41115120640393854,0.44249594584067065
track,1,-0.5853982079635879,0.6282450169479434,0.503196156955809,0.6383278432766012,0.856461836159401,0.011117730889815769,0.5045932605806479,0.1025486952862564
,0,1.8436311599202422,-0.08350117773495999,-0.681177010395392,0.9890613306542481,0.47866651169980123,0.6156247535210754,0.2134635252033942,0.5683328065542627
soccer,0,1.4809117980610456,-0.12519170702777355,0.24327397755730554,-0.2782709940069979,-0.8010724962044291,0.4051909327253674,0.17704518613806894,-0.025557517469372626
dance,0,1.3542155675174294,0.5523185542907819,-0.4578352809598357,-0.5748575381429525,0.20881587414044997,0.1277558817266999,-0.3470221514748908,0.7967736013118026
soccer,1,-0.062243970183594066,-0.9767402202353237,-0.43012509893870765,0.561287879400845,0.42068657876699667,0.5896390140093427,0.28427633132534136,0.44329800815876363
,0,1.857090479882857,-0.47549182311123245,-0.3534130474456453,0.31508390869975555,-0.06405534991609776,-0.19260469283822357,0.17183481517565766,-0.7903909130382651
baseball,1,-0.681860408170807,0.2820674025280292,0.49262868723098185,0.07755761363760261,-0.28023742773522103,-0.08811334489858341,-0.3348080601799063,-0.004540301648223444
football,1,-0.5361173070436912,0.04010977235647406,-0.19311745579036188,-0.4559130588127857,-0.3170019979909437,0.26473825789462974,-0.19507059541185445,-0.038884317636744714
swim,1,-0.40785833893094814,-0.30681902813965634,-0.5372085169607208,-0.6584047754040454,0.22151974878321876,-0.4580553093566305,-0.4948713125650156,-0.16208776457720467
,1,-0.6190353234409399,0.1891886327067048,-0.049412375104397305,1.0515114980380358,-0.4384604117046641,-0.06838781754177081,-0.05684212231616556,-0.04986680783094982
,1,-0.23362344820995506,-0.3754023829073428,0.13680013238200414,-0.5051363922510067,1.1189439181866603,-0.29782400183951974,0.4426944555477299,-0.41338424941470975
,1,-0.4774518369854836,-0.22369321899109146,-0.26329972635515314,-0.5637687985751807,0.07855808847430143,-0.3320435123422495,-0.417874619586295,-0.6466061334733045
tennis,1,-0.7630530487299696,0.15080215232007682,0.9294142122469111,0.023575903402101528,0.65802232513646,-0.02331074815180606,0.49003500904165076,0.19515769923436851
soccer,0,2.035460226713992,-0.7674690970902653,-0.3327586841034496,-0.09203115330088596,-0.3584631787910388,-0.3905762081448436,0.07672653482811068,-0.03521156167269088
track,1,-0.6170864919679133,-0.18798634693715144,0.1811053647879138,-0.34518277766799627,0.4429951373800577,0.7559116047776411,-0.14995770728584296,-0.10048626722962069
hockey,1,-0.4695315434564848,-0.1245989927701755,-0.4227603863237084,-0.8228066146688386,0.47659033393243144,-0.824120594350938,0.3430904273857358,-0.07716307912115641
,0,1.3267388928361763,1.2829606141444438,0.3056219728763119,0.6661912513067499,0.011073765486022652,0.06353281713146297,-0.3091053215352858,-0.17717642553707447
tennis,0,1.9341786592230612,-0.759025824773998,-0.5839844155050927,-0.48401619811495766,-0.29603954692421003,-0.7027755179345243,-0.42262146590403926,1.0609881278186335
basketball,1,-0.5204821154816918,-0.2575705538163729,-0.1760523866898775,-0.10407544589466189,-0.20150410406966074,-0.006132316965125728,1.0219740263520236,-0.13126669454205986
track,1,-0.09396919930654823,-0.6497500124684072,-0.47055669161792724,0.4493681027830002,-0.4756791509311123,0.3472648595521576,0.4417259110996806,-0.27901724228038605
,1,-0.4930282011717653,-0.6798332200241044,0.391788803268444,0.6092710659054495,0.3295327414197018,0.25163198482074617,-0.10407210092990052,0.5938195853324763
,1,-0.5975670559342873,0.12549893864028178,-0.14123202959100298,-0.4556029066972883,-0.24019403034241063,0.32504372303655615,-0.1368390365566486,-0.21525958265616438
wrestling,1,-0.34397915491964043,0.13053104526333734,-0.17467751028261275,-0.2988755511558021,-0.09991219422648931,0.37463591971399113,-0.07939539992347146,-0.26347387776349385
volleyball,0,2.0573592448854283,-0.6492685966109215,-1.0034781319573725,0.26192798756699665,0.23718920747118585,-0.5030031600559007,-0.06684706426088903,0.469387839764129
tennis,0,1.4459776017806827,0.40418580074087523,0.47869087951934175,1.2925406804034618,0.4778822743320281,0.5292899438651735,-0.0013726693065594653,-0.0633349074524745
wrestling,1,-0.6963437195284761,0.6690889942490326,0.047970686432130705,0.5352720458551187,-0.29888772047673434,-0.16358252767632298,-0.43592500412929214,0.12744025453041355
karate,0,1.796140219619632,-0.040710361448426435,-0.6727118123497475,0.1657116320725428,0.228401338700961,-0.2160882667520062,1.06950453613219,0.817940627143629
,1,-0.6592402604598239,0.30771897400976267,-0.026783898953990568,-0.6200047459620814,0.014876554806802084,-0.04102156195775142,0.7011227033941028,-0.1303348972001161
,1,-0.6170864919679133,-0.18798634693715144,0.1811053647879138,-0.34518277766799627,0.4429951373800577,0.7559116047776411,-0.14995770728584296,-0.10048626722962069
basketball,0,2.038742460391717,-0.5937218668407365,-0.24927061338467263,-0.27263327385215985,-0.24382570621993171,-0.531278581323312,-0.27082685887946034,0.3605370149215157
,1,-0.49697127301910965,-0.5371785045685247,0.05903766802376362,-0.4533486695458887,0.7617472561967698,0.09882436939883543,-0.4309932903154894,-0.5318328180467609
,1,-0.3479104564756362,-0.2458877346356349,0.00719520595093931,-0.7284117358770095,-0.8092651520720763,0.19688559668299438,-0.23053646019336207,0.3994951137264181
cross country,0,1.812882648757546,-0.3300712728733377,-0.7057540293659179,0.8850282696506137,0.8904680546890309,0.034605743983148474,-0.02850014969286163,-0.1124703714398981
swim,1,-0.5638134366027052,0.4174326521937174,-0.8235299720173302,-0.2686464059184079,0.6049629105061745,-0.9017662422562698,0.23287082622513158,0.0014657781545671378
,1,-0.6592402604598239,0.30771897400976267,-0.026783898953990568,-0.6200047459620814,0.014876554806802084,-0.04102156195775142,0.7011227033941028,-0.1303348972001161
,0,1.949288739936149,-0.31431089425666253,-0.38072145467447827,0.4188068175878926,-0.5526648605538607,0.32810885155777697,0.35556693121670757,0.06678752997531531
,1,-0.6735001161825525,0.597909696645093,-0.5340046041904952,0.002421677635725039,-0.18203635543539087,0.309880005400743,-0.1797244216508286,-0.259654291496947
,0,1.4622688720317174,0.09090566316698875,0.2704747685290423,-0.9023661859523099,-0.2659397185112543,-0.286785547646064,-0.42484171984949803,-0.45597227094456905
swim,1,-0.48879080715768797,-0.0833525261901861,0.15333112435676036,-0.7680819918690651,-0.6775635195262689,0.25308400474431714,-0.154950623925475,0.05540139981331002
,1,-0.43185045255771476,-0.4982136552037156,0.19674950589566745,0.8258012675764049,-0.656004384439844,-0.1154844050604169,0.18631325084324593,-0.020083666165115643
tennis,1,-0.5463223907777071,0.11199401645079868,-0.42313783129070015,-0.4541032591087356,-0.027017468366769964,0.1365499957526564,-0.28116994560179354,0.3922823523564416
,0,1.4189525386016943,1.2254863764776125,-0.48769940391422817,-0.1260070851217988,0.44914940833696315,-0.015387196942086068,0.6498287490600028,0.1815473478071327
,1,-0.6735001161825525,0.597909696645093,-0.5340046041904952,0.002421677635725039,-0.18203635543539087,0.309880005400743,-0.1797244216508286,-0.259654291496947
dance,1,-0.6592402604598239,0.30771897400976267,-0.026783898953990568,-0.6200047459620814,0.014876554806802084,-0.04102156195775142,0.7011227033941028,-0.1303348972001161
football,0,1.7737285765354054,-0.7747645608485636,-0.07728983900563108,-0.1544326841290049,-0.7185146428644105,-0.37446207294982403,0.03804803231844825,-0.2951403704420416
soccer,1,-0.24943687926437813,-1.3113194972251279,0.20433233423564004,-0.24989845465024602,0.10799710813644856,0.061753896099222105,-0.12825355472639505,-0.2621036329192302
volleyball,0,1.2578603008463936,0.5966662846861093,1.0264031821151773,-0.26103977373952647,-0.6247352347207767,-0.042855380202397875,-0.34177516044310935,0.18609356088051202
street hockey,0,1.9866318603927042,-0.497686338755776,-0.08291811513955283,0.1504409713979269,-0.9518785904624754,0.33632441618702036,0.35917297456859054,0.2557103341614575
track,0,1.2333774043063142,0.6489492856288299,0.09797931134542912,-0.4817212089026406,-0.14732234814410805,0.4422614060249807,-0.12569454945102532,-0.29528670259690326
soccer,1,-0.5975670559342873,0.12549893864028178,-0.14123202959100298,-0.4556029066972883,-0.24019403034241063,0.32504372303655615,-0.1368390365566486,-0.21525958265616438
football,0,1.3831525170508154,0.4970645705621996,1.020731941854721,0.31858679600302864,0.6361052583014712,0.509564416508361,-0.2793386071703001,-0.018008401269748148
football,1,-0.33869369200735144,-0.788982746817227,-0.41256821409104005,-0.0478394985077612,-0.1378225704021614,-0.2971542673496238,-0.0970232966283743,-0.6475379308152482
basketball,1,-0.5975670559342873,0.12549893864028178,-0.14123202959100298,-0.4556029066972883,-0.24019403034241063,0.32504372303655615,-0.1368390365566486,-0.21525958265616438
basketball,0,1.7818723256993452,-0.772501203713321,-0.29931320341183987,-0.24875850884237216,-0.49874501490696,-0.4401684048222786,0.019282898194933534,0.013002733434638564
basketball,1,-0.6190353234409399,0.1891886327067048,-0.049412375104397305,1.0515114980380358,-0.4384604117046641,-0.06838781754177081,-0.05684212231616556,-0.04986680783094982
soccer,1,-0.7013798442044329,-0.031417883049404044,0.8149660816098987,0.1879777426668947,0.4029517399872473,0.3427545368425015,-0.3479267309091006,0.11023301377832026
,1,-0.23520290614304107,-0.07832041956713054,0.11988564366515056,-0.611354636327579,-0.5372816834103477,0.3026762014217521,-0.09750698729229786,0.0071871047059805515
soccer,0,1.8350954819908707,-0.7828370436135246,0.41009819448046236,-0.11928940131411198,0.3411506264506724,0.22856377576508158,-0.059665430987594595,-0.3903450479672985
volleyball,1,-0.3582131280409775,-1.10246803239466,-0.0902308197121233,0.06258063052153084,0.5453665973203069,0.13371361439146112,-0.11014196735756866,-0.5327646153887046
tennis,1,-0.7630530487299696,0.15080215232007682,0.9294142122469111,0.023575903402101528,0.65802232513646,-0.02331074815180606,0.49003500904165076,0.19515769923436851
baseball,1,-0.7013798442044329,-0.031417883049404044,0.8149660816098987,0.1879777426668947,0.4029517399872473,0.3427545368425015,-0.3479267309091006,0.11023301377832026
tennis,1,-0.5626216992263008,-0.5967074108755395,0.6656975938740117,0.7039070427343143,0.18657108111078444,0.3776437818351272,-0.027075407951179936,0.1093012164363765
,1,-0.5146421449709405,-0.09375618456433107,0.7795722750516074,-0.5074892026768598,-0.14378421295315463,-1.1832255835639356,0.20400650937237233,-0.08030118453984092
soccer,1,-0.5721813890050629,0.1877936797296117,-0.7674818021168434,0.01970547742470513,0.8572910345716354,0.4262423628435471,-0.41417069440388843,0.9471793278383026
swim,1,-0.6735001161825525,0.597909696645093,-0.5340046041904952,0.002421677635725039,-0.18203635543539087,0.309880005400743,-0.1797244216508286,-0.259654291496947
marching band,0,1.5321564632176257,-0.13869662921725667,-0.03863182414239166,-0.2767713464184452,-0.5878959342287885,0.21669720544146762,0.032714277092924016,0.5819844175432334
,0,1.5318704082838117,1.0297614189186484,-0.8840533362509378,0.03989440173154707,0.407255385163391,0.16218436076832174,-0.33246389993589365,0.7041645973636904
tennis,0,1.1717041997807773,0.8311693209983106,0.21242744198244154,-0.6461230481674337,0.10774823700510469,0.07619612103067314,0.7122671904997261,-0.210362017140855
cross country,0,1.1961870963208572,0.7788863200555902,1.1408513127521895,-0.4254416130043197,-0.36966464957156403,-0.40892066519670545,0.496186579507642,0.27101824633656024
soccer,1,-0.2583002875782218,-1.177118869499364,0.1797893374003627,0.09058179109902931,-0.37014130850842364,0.6565808263235686,0.3530520163684828,0.1546313507229615
,1,-0.5586444775446462,-0.3549584691990438,0.17348579866077604,-0.6177505088106818,1.0168178413459823,-0.26724091559547203,0.406968449635262,-0.4469081325907126
soccer,1,-0.6735001161825525,0.597909696645093,-0.5340046041904952,0.002421677635725039,-0.18203635543539087,0.309880005400743,-0.1797244216508286,-0.259654291496947
,1,-0.8194666729446087,0.9366981959023211,0.21430424326850203,0.3711803587058228,0.03299083232101149,-0.4693423475287042,0.4602682946766651,0.03598967496704217
,1,-0.33869369200735144,-0.788982746817227,-0.41256821409104005,-0.0478394985077612,-0.1378225704021614,-0.2971542673496238,-0.0970232966283743,-0.6475379308152482
hockey,1,-0.6735001161825525,0.597909696645093,-0.5340046041904952,0.002421677635725039,-0.18203635543539087,0.309880005400743,-0.1797244216508286,-0.259654291496947
soccer,1,-0.5586444775446462,-0.3549584691990438,0.17348579866077604,-0.6177505088106818,1.0168178413459823,-0.26724091559547203,0.406968449635262,-0.4469081325907126
,1,-0.5975670559342873,0.12549893864028178,-0.14123202959100298,-0.4556029066972883,-0.24019403034241063,0.32504372303655615,-0.1368390365566486,-0.21525958265616438
football,1,-0.2672605636873071,-0.8144587671485815,-0.41580839967820216,-0.09195273748957233,-0.17597832967740484,-0.37732955027110626,-0.11874092734908362,-0.5657997525319161
,1,-0.24943687926437813,-1.3113194972251279,0.20433233423564004,-0.24989845465024602,0.10799710813644856,0.061753896099222105,-0.12825355472639505,-0.2621036329192302
cross country,1,-0.6930195522161785,0.2844244110676597,-0.21166720981157847,0.11284180666501709,0.5011528122870774,0.7407478871418279,-0.19284309238002295,-0.14488097607040332
football,1,-0.18891857926285022,-0.9408674618838573,0.5101844164182519,0.7524685063979079,0.6456050360434179,-0.22985125686624341,-0.25066735434764914,-0.3702596294880931
track,1,-0.3686755882088843,-0.43254468382155936,0.031263427592610166,-0.8762478837469576,-0.35881140070955686,-0.4040032306344885,-0.43598620695512136,-0.3759451510038301
marching band,1,-0.7630530487299696,0.15080215232007682,0.9294142122469111,0.023575903402101528,0.65802232513646,-0.02331074815180606,0.49003500904165076,0.19515769923436851
soccer,0,1.486965305320961,0.6539813922518853,0.06453383065381932,-0.3249938533611544,-0.0070405120281867295,0.4918536027024157,-0.06825091281784816,-0.34350099770423276
,1,-0.735173320708089,0.7801297320145737,-0.4195564735534828,-0.16198016162906814,0.07303422971382187,-0.05618527959356456,0.6582373182999227,-0.17472960604089874
,1,-0.7577934684190721,0.7544781605328403,0.09985611263148961,0.535582197970616,-0.22207975282820128,-0.10327706253439656,-0.3776934452740862,-0.04893501048900609
tennis,1,-0.3582131280409775,-1.10246803239466,-0.0902308197121233,0.06258063052153084,0.5453665973203069,0.13371361439146112,-0.11014196735756866,-0.5327646153887046
,1,-0.4732313511799811,0.4241329231454038,-1.1840696887022224,-0.050734243497033815,0.11920820195189272,-0.000518461816934157,-0.4184063010873753,1.0001244613054474
,0,1.4809117980610456,-0.12519170702777355,0.24327397755730554,-0.2782709940069979,-0.8010724962044291,0.4051909327253674,0.17704518613806894,-0.025557517469372626
soccer,1,-0.7013798442044329,-0.031417883049404044,0.8149660816098987,0.1879777426668947,0.4029517399872473,0.3427545368425015,-0.3479267309091006,0.11023301377832026
,1,-0.22544298234853344,0.07842359547099581,0.23109358871500088,-0.8198697145741832,-0.3203668575363784,-0.14356436649403786,0.7187371219377442,0.17384996844536107
,0,1.741938721440507,-0.492067952000013,1.01941591446717,0.7543513647700543,-0.17703118758701014,0.41023363805428853,0.22367111648402563,0.23710921668283405
,0,1.4727313321996243,-0.579017685406112,0.1489805212243088,0.03646232831617863,0.6382382795186095,0.2509312973798856,-0.09899748025194534,-0.6127917353294435
football,0,1.3267388928361763,1.2829606141444438,0.3056219728763119,0.6661912513067499,0.011073765486022652,0.06353281713146297,-0.3091053215352858,-0.17717642553707447
cross country,1,-0.7630530487299696,0.15080215232007682,0.9294142122469111,0.023575903402101528,0.65802232513646,-0.02331074815180606,0.49003500904165076,0.19515769923436851
,1,-0.681860408170807,0.2820674025280292,0.49262868723098185,0.07755761363760261,-0.28023742773522103,-0.08811334489858341,-0.3348080601799063,-0.004540301648223444
football,1,-0.5300199600990491,-0.39411496287026043,0.41099258314605125,0.08131149837755491,0.9348804207796,-0.502826425820204,-0.7732932229838919,0.28642839797378605
golf,1,-0.5533848972337488,0.24871753901371968,-0.6560723009546454,-0.1057442142421674,0.13671576338132116,-0.34720722997806264,-0.46076000468047495,-0.6910008423140871
twirling,1,-0.5204821154816918,-0.2575705538163729,-0.1760523866898775,-0.10407544589466189,-0.20150410406966074,-0.006132316965125728,1.0219740263520236,-0.13126669454205986
wrestling,1,-0.7065488032624919,0.7409732383433572,-0.1820496890682076,0.5370818455591687,-0.008903190852560583,-0.2917707898182963,-0.5220243543192312,0.5586069245235998
tennis,1,-0.6863603400990278,0.7290021402014859,0.0966159270443275,0.49146895898880494,-0.26023551210344475,-0.18345234545587896,-0.39941107599479553,0.03280316779432613
soccer,1,-0.6592402604598239,0.30771897400976267,-0.026783898953990568,-0.6200047459620814,0.014876554806802084,-0.04102156195775142,0.7011227033941028,-0.1303348972001161
,1,-0.5347419712044204,0.03262016881895741,-0.6832730919263822,0.5183509777031446,-0.3984170143118537,0.3447692503933687,0.14112690130709207,-0.2605860888388908
swim,1,-0.26980492075194107,-1.2462802646963298,0.3451337773110752,0.8277453526123074,0.2691289344508033,-0.4020092238400642,-0.16607256177080065,-0.1602816365362925
basketball,1,-0.6170864919679133,-0.18798634693715144,0.1811053647879138,-0.34518277766799627,0.4429951373800577,0.7559116047776411,-0.14995770728584296,-0.10048626722962069
,1,-0.735173320708089,0.7801297320145737,-0.4195564735534828,-0.16198016162906814,0.07303422971382187,-0.05618527959356456,0.6582373182999227,-0.17472960604089874
soccer,1,-0.4234901605694603,-0.1823713610866518,-0.8298837855258097,0.7506653315745274,-0.5578033121400139,0.2825089452389095,0.3413968893723236,-0.2751976560138392
soccer,1,-0.5975670559342873,0.12549893864028178,-0.14123202959100298,-0.4556029066972883,-0.24019403034241063,0.32504372303655615,-0.1368390365566486,-0.21525958265616438
cheer,0,1.4335852981750423,-0.0017294084811133592,-0.1031746025898167,0.03389793904928157,-0.44051097466910394,0.41684518587568,0.13692521465168947,-0.11984323491942736
soccer,1,-0.6347573639197441,0.25543597306704213,0.9016399718157575,-0.39932331079896743,-0.46253633176986664,-0.5261383481851301,0.4850420924020188,0.3510453662772992
horseback riding,1,-0.3670765363548212,-0.9682674046688962,-0.11477381654740063,0.4030608762708061,0.06722818067543465,0.7285405446158075,0.37116360373730917,-0.1160296317465129
volleyball,1,-0.3996439522705761,-0.3542012851544209,-0.7318669789951424,-0.19721177513497384,0.15463411821489723,-0.32063784126340655,0.8006464243281579,0.9607936093666459
track,1,-0.6735001161825525,0.597909696645093,-0.5340046041904952,0.002421677635725039,-0.18203635543539087,0.309880005400743,-0.1797244216508286,-0.259654291496947
basketball,1,-0.508310243191314,-0.3968378117676193,0.47566851873567706,-0.6576618628397731,0.005625648196199345,0.6839518864854021,-0.16806929465466935,0.1701747152398537
soccer,1,-0.699351453995805,0.5875060382709478,0.09223654650435184,0.2630144668279303,0.35174295113772347,-1.1264295829075095,0.17923271164701884,-0.39535687585009793
,0,1.486965305320961,0.6539813922518853,0.06453383065381932,-0.3249938533611544,-0.0070405120281867295,0.4918536027024157,-0.06825091281784816,-0.34350099770423276
cross country,1,-0.43754614200110775,-0.0968574483796692,-0.12857467734293684,-0.7665823442805124,-0.4643869575506283,0.06459027746041734,-0.29928153297061993,0.662943334825916
track,1,-0.6143351574969734,0.6834990006765258,-0.9753710658587478,-0.2551164908693801,0.42917245199837983,-0.3706908038918454,0.43690971627605724,0.917330697867807
football,1,-0.7435336126963435,0.46428743789751004,0.6070768178679943,-0.08684422562719052,-0.02516684258600832,-0.45417862989289093,0.5031536797708451,0.08038438380782484
football,0,1.6766740223243004,0.22166342547194728,-0.3314426567158985,-0.5277957220679115,0.4546732670974426,-0.29124542969077105,-0.4262831888262151,-0.29032917962527305
baseball,1,-0.7577934684190721,0.7544781605328403,0.09985611263148961,0.535582197970616,-0.22207975282820128,-0.10327706253439656,-0.3776934452740862,-0.04893501048900609
soccer,1,-0.6592402604598239,0.30771897400976267,-0.026783898953990568,-0.6200047459620814,0.014876554806802084,-0.04102156195775142,0.7011227033941028,-0.1303348972001161
gymnastics,0,1.6866442654683294,0.015115167882605335,-0.7292790817169691,-0.6874664130106003,0.3577106011361111,-0.665705044634911,-0.7253612014931335,0.7912589426911026
marching band,1,-0.6930195522161785,0.2844244110676597,-0.21166720981157847,0.11284180666501709,0.5011528122870774,0.7407478871418279,-0.19284309238002295,-0.14488097607040332
field hockey,1,-0.6735001161825525,0.597909696645093,-0.5340046041904952,0.002421677635725039,-0.18203635543539087,0.309880005400743,-0.1797244216508286,-0.259654291496947
,1,-0.6120503672919564,0.5125205303612852,-0.5858900303898542,0.0021115255202276417,-0.25884432308392397,0.2495745402588166,-0.23795598050603445,-0.08327902647752736
soccer,1,-0.48879080715768797,-0.0833525261901861,0.15333112435676036,-0.7680819918690651,-0.6775635195262689,0.25308400474431714,-0.154950623925475,0.05540139981331002
volleyball,1,-0.49697127301910965,-0.5371785045685247,0.05903766802376362,-0.4533486695458887,0.7617472561967698,0.09882436939883543,-0.4309932903154894,-0.5318328180467609
track,1,-0.4529689404454039,-0.275976219933812,0.665124144414595,-0.3430873634120667,-0.3988547981023673,-0.817160298569628,-0.633955230578379,-0.16522586999588917
football,1,-0.38921541290161965,-0.5229163983344187,-0.5644093079324576,-0.03430958345873342,-0.3136130289099561,0.2339211710148008,0.10701559342255149,0.26832698889799167
football,1,-0.3582131280409775,-1.10246803239466,-0.0902308197121233,0.06258063052153084,0.5453665973203069,0.13371361439146112,-0.11014196735756866,-0.5327646153887046
,1,-0.508310243191314,-0.3968378117676193,0.47566851873567706,-0.6576618628397731,0.005625648196199345,0.6839518864854021,-0.16806929465466935,0.1701747152398537
,1,-0.6190353234409399,0.1891886327067048,-0.049412375104397305,1.0515114980380358,-0.4384604117046641,-0.06838781754177081,-0.05684212231616556,-0.04986680783094982
cross country,1,-0.4588089109561551,-0.43979058918585373,-0.29050051732688986,0.06032639337013124,-0.45657468921887345,0.35993296802918184,0.18401228640127207,-0.2161913799981081
volleyball,1,-0.7682220077880285,0.9231932737128381,-0.06760155843119517,0.3726800062943755,0.2461673942966521,-0.657836074812604,0.3159373856315202,0.6435316099796481
,0,1.5116280279878738,0.46371470704789014,-0.12796904633090636,0.13528496812325863,1.0530584494180133,0.25047053142888176,-0.4052905516708689,-0.7044689419356118
track,1,-0.681860408170807,0.2820674025280292,0.49262868723098185,0.07755761363760261,-0.28023742773522103,-0.08811334489858341,-0.3348080601799063,-0.004540301648223444
track,1,-0.16990225955481342,-0.17733925446359616,-0.8633292662174195,0.9073926871160135,-0.4175214760240925,0.3321011419163445,0.3988405260055007,-0.3234119511211687
soccer,1,-0.735173320708089,0.7801297320145737,-0.4195564735534828,-0.16198016162906814,0.07303422971382187,-0.05618527959356456,0.6582373182999227,-0.17472960604089874
,0,1.3851809072594432,1.1159884918825516,0.2980024067491741,0.3936235201640643,0.5848964694519474,-0.9596197032416502,0.24782083538581925,-0.5235982908981663
,1,-0.6222554510259722,0.5844047744556098,-0.8159104058901925,0.0039213252242777386,0.03114020654024982,0.12138627811684324,-0.32405533069597353,0.34788764351565893
volleyball,0,1.472265451138977,0.727424046991068,0.4244857568702365,0.11353069014487194,0.0958777508879202,-0.04731526224710492,-0.34321662941982634,0.351736652199808
,0,1.747084364947519,-0.38732862959713216,0.09146681889102815,0.341025831727613,0.3280663642720114,0.9014123213748034,0.1638959031429911,0.11443423429347524
basketball,1,-0.8194666729446087,0.9366981959023211,0.21430424326850203,0.3711803587058228,0.03299083232101149,-0.4693423475287042,0.4602682946766651,0.03598967496704217
basketball,1,-0.735173320708089,0.7801297320145737,-0.4195564735534828,-0.16198016162906814,0.07303422971382187,-0.05618527959356456,0.6582373182999227,-0.17472960604089874
,1,-0.4783283469897811,-0.7532758747632868,0.031836877052026896,0.17074652239942334,0.2266144785035948,0.7908008497702668,0.1708936156720777,-0.10141806457156442
tennis,1,-0.17889623370911245,-0.9145082647515048,-0.3373481574053204,-0.5235309274712759,-0.18375288010969948,-0.9839784630619963,0.5202643880531999,0.49196493714230005
,1,-0.8194666729446087,0.9366981959023211,0.21430424326850203,0.3711803587058228,0.03299083232101149,-0.4693423475287042,0.4602682946766651,0.03598967496704217
field hockey,1,-0.29995860015864634,-1.0452531487423196,0.052491240394222566,-0.23636853960121817,-0.0677933503713462,0.5928293344636467,0.07578533532453072,0.6537612867940098
,1,-0.5454646037047499,0.34781176523463564,-0.8155329609232007,-0.36478203033582524,0.5347480088394512,-0.839284311986751,0.30020504229155587,-0.12155778796193903
volleyball,1,-0.6863603400990278,0.7290021402014859,0.0966159270443275,0.49146895898880494,-0.26023551210344475,-0.18345234545587896,-0.39941107599479553,0.03280316779432613
,0,1.0957711395325123,1.303580079003122,-0.18034513261705074,-0.18809846383442036,0.16590591191212442,0.06103240339485999,0.6693818054055461,-0.2547567259816377
,1,-0.7577934684190721,0.7544781605328403,0.09985611263148961,0.535582197970616,-0.22207975282820128,-0.10327706253439656,-0.3776934452740862,-0.04893501048900609
,1,-0.14773927930439024,-1.3481290499886738,-0.510275528723512,0.007614909684721893,0.5566266250834169,-0.04849659068424267,-0.2627244966041763,0.2958474674205033
volleyball,1,-0.6347573639197441,0.25543597306704213,0.9016399718157575,-0.39932331079896743,-0.46253633176986664,-0.5261383481851301,0.4850420924020188,0.3510453662772992
soccer,1,-0.735173320708089,0.7801297320145737,-0.4195564735534828,-0.16198016162906814,0.07303422971382187,-0.05618527959356456,0.6582373182999227,-0.17472960604089874
,1,-0.6735001161825525,0.597909696645093,-0.5340046041904952,0.002421677635725039,-0.18203635543539087,0.309880005400743,-0.1797244216508286,-0.259654291496947
,0,1.2086890092146287,1.1078551214441579,-0.5766990649537603,-0.02219697698107448,0.12401188873855237,0.23860396110526783,-0.31291084359035026,0.2678605235749201
,0,1.8457515097106527,-0.3351511303103271,0.06321780326626822,0.11077071540587113,-0.820176957916668,0.39252282424834317,0.4347588108364776,-0.08838337975165056
basketball,0,1.6062040142654674,-0.22479342115168333,0.2376027372968492,0.30135557573555727,0.45976799681781877,0.9576107294361262,0.23948173941087816,-0.2296594796196328
football,0,1.932736055810845,-0.8751232662063164,-0.39680388120546406,-0.25289133971663014,-0.5917944390794777,-0.5162366306631573,-0.019789009938457017,0.2624593606116592
golf,0,1.2676202246409014,0.7534102997242358,1.1376111271650275,-0.4695548519861308,-0.40782040884680754,-0.4890959481181878,0.4744689487869328,0.35275642461989254
cross country,1,-0.23520290614304107,-0.07832041956713054,0.11988564366515056,-0.611354636327579,-0.5372816834103477,0.3026762014217521,-0.09750698729229786,0.0071871047059805515
volleyball,1,-0.3849668584599191,-0.11926454624767294,0.23947953858290968,1.318658982608814,0.38501059213372557,0.41207226087674903,-0.01251715641218279,0.016692212488264413
soccer,0,1.333973187221492,-0.013728157579976585,0.2982490089601957,-0.4794669717512409,0.8546189383950722,0.21604205238725993,-0.41984880320986606,-0.6118599379874998
basketball,1,-0.6735001161825525,0.597909696645093,-0.5340046041904952,0.002421677635725039,-0.18203635543539087,0.309880005400743,-0.1797244216508286,-0.259654291496947
archery,1,-0.3734084381344477,-0.6651857774656078,0.18912993976852968,0.5532335364337192,-0.08218168047391933,-1.13863692543353,0.7432394077643508,-0.3665055315262076
soccer,1,-0.6807085279664765,0.37140866807618567,0.06503575553261512,0.8871096587732422,-0.18338982655545139,-0.4344531025360785,0.7811196176345859,0.03505787762509846
,1,-0.48879080715768797,-0.0833525261901861,0.15333112435676036,-0.7680819918690651,-0.6775635195262689,0.25308400474431714,-0.154950623925475,0.05540139981331002
baseball,1,-0.18638767610717255,-0.6145645814434151,-0.5764365909120136,-0.969694365102767,-0.07948114607353199,-0.7788142200746957,-0.7155453678341928,0.8924904179242953
,1,-0.6024298063793512,0.20492136036638808,0.39837819502451977,0.11753802174515571,-0.3351310926324954,-0.08400628781797975,-0.3521623375925874,0.16317814724546495
golf,0,1.053631555787903,0.9644432219439552,0.6614048479468384,0.6198840247945557,0.5539810970925696,0.444808502195113,-0.37966762889765726,-0.014188815003201294
volleyball,1,-0.6173099476028538,-0.09115547785147829,0.2436680692255673,-0.5098947690482868,0.6212577548807373,0.3295408546414071,0.6297724738097026,0.16081368324584724
baseball,1,-0.5347419712044204,0.03262016881895741,-0.6832730919263822,0.5183509777031446,-0.3984170143118537,0.3447692503933687,0.14112690130709207,-0.2605860888388908
football,1,-0.23282332400523054,-0.27360520466522015,-0.22849640980985533,-0.14697536643040426,0.7415598705743454,0.6211171312517799,-0.25419925711049196,0.6265598215693442
,1,-0.5926035954278336,-0.24026934787987192,1.109529235557662,-0.1245013425048822,-0.03441774919661106,0.2707948185502625,-0.366038318277927,0.38089399624779463
swim,1,-0.7682220077880285,0.9231932737128381,-0.06760155843119517,0.3726800062943755,0.2461673942966521,-0.657836074812604,0.3159373856315202,0.6435316099796481
,0,1.4701972037582745,1.2119814542881293,-0.7696052056139254,-0.12450743753324611,0.6623259703126038,-0.2038809242259858,0.5054978400148579,0.7890892828197388
volleyball,1,-0.4783283469897811,-0.7532758747632868,0.031836877052026896,0.17074652239942334,0.2266144785035948,0.7908008497702668,0.1708936156720777,-0.10141806457156442
,0,1.6502063468391732,0.03640886348302941,0.8436892136876806,0.41161688186937917,-0.7008340574813182,0.04162606146766279,0.0365197991479885,0.13694746843123887
football,1,-0.2974830383002857,-1.051393213817461,-0.3886826071529683,0.3084248994419414,0.21018984098435198,0.6025287476014265,0.2941669107585886,0.36848873714958696
volleyball,1,-0.34755710032119513,-0.6547821190914629,-0.43711121092631744,0.292640747241514,-0.6159609870470336,0.29767266287472266,0.38428227446650354,-0.23080294717305658
baseball,0,1.6315634208098446,0.2525062336777917,0.8708900046594175,-0.21247831007593276,-0.16570127978814347,-0.6503504189037685,-0.5653671068395786,-0.2934672850439576
soccer,0,1.1490840520697945,0.8055177495165773,0.731840028167414,0.051439311432250334,-0.18736574553691845,0.029104338089841142,-0.32366357307428295,-0.08456742158896235
soccer,1,-0.681860408170807,0.2820674025280292,0.49262868723098185,0.07755761363760261,-0.28023742773522103,-0.08811334489858341,-0.3348080601799063,-0.004540301648223444
,1,-0.5730841593942075,0.0732159376975613,0.7871918411787452,-0.23492147153417425,-0.7176069169190793,-0.16007306319082243,-0.3529196475487326,0.26612068082125095
tennis,1,-0.6735001161825525,0.597909696645093,-0.5340046041904952,0.002421677635725039,-0.18203635543539087,0.309880005400743,-0.1797244216508286,-0.259654291496947
volleyball,0,1.3534926232551179,0.29975712799745663,-0.02408838541872106,-0.589887100780533,0.17142977067260398,-0.214825829353825,-0.4067301324806717,-0.7266332534140435
soccer,1,-0.735173320708089,0.7801297320145737,-0.4195564735534828,-0.16198016162906814,0.07303422971382187,-0.05618527959356456,0.6582373182999227,-0.17472960604089874
track,1,-0.5400015515153177,-0.5710558393938061,0.14628500768903932,0.006344683134630158,0.4816850636528076,0.4247355647759592,1.0088553556228292,-0.016493379115516155
volleyball,1,-0.6170864919679133,-0.18798634693715144,0.1811053647879138,-0.34518277766799627,0.4429951373800577,0.7559116047776411,-0.14995770728584296,-0.10048626722962069
soccer,1,-0.4588089109561551,-0.43979058918585373,-0.29050051732688986,0.06032639337013124,-0.45657468921887345,0.35993296802918184,0.18401228640127207,-0.2161913799981081
swim,1,-0.4565388476493997,-0.03930781938838754,-0.47792887040352194,1.2853254994979713,-0.38467014755718365,-0.31914184998012984,-0.0009030432960790147,0.5430635600067076
basketball,1,-0.6190353234409399,0.1891886327067048,-0.049412375104397305,1.0515114980380358,-0.4384604117046641,-0.06838781754177081,-0.05684212231616556,-0.04986680783094982
baseball,1,-0.30212924592103463,-0.6583918551095338,-0.653682309552714,0.9007557165958752,-0.006315776963353031,0.6571784189186717,0.25269238237524216,0.18366937332581248
soccer,1,-0.5504640116832246,0.09886750917929477,0.26777925499377275,-0.9324838311338584,-0.42249293437705626,-0.11298128024999043,0.6830111160252764,0.14032608526935827
,1,-0.5626216992263008,-0.5967074108755395,0.6656975938740117,0.7039070427343143,0.18657108111078444,0.3776437818351272,-0.027075407951179936,0.1093012164363765
,1,-0.7577934684190721,0.7544781605328403,0.09985611263148961,0.535582197970616,-0.22207975282820128,-0.10327706253439656,-0.3776934452740862,-0.04893501048900609
soccer,1,-0.5812646252556293,-0.38061004068077736,0.6928983848457484,0.07981185078900221,0.7217038588039594,-0.3143326985363042,-0.628962313938747,-0.3211135370388199
lacrosse,0,1.6003287464979752,0.22963092005929003,0.3317456132462151,-0.2589971154291708,0.5611849287705051,0.7822407363800918,-0.1613187731229577,0.029385761025062823
,1,-0.7577934684190721,0.7544781605328403,0.09985611263148961,0.535582197970616,-0.22207975282820128,-0.10327706253439656,-0.3776934452740862,-0.04893501048900609
fencing,1,-0.5626216992263008,-0.5967074108755395,0.6656975938740117,0.7039070427343143,0.18657108111078444,0.3776437818351272,-0.027075407951179936,0.1093012164363765
golf,1,-0.6542767999533702,-0.058049312510391055,1.2239773661946742,-0.28890318176967533,0.22065283595260163,-0.09527046644404508,0.4719234216728244,0.4658186817038429
soccer,1,-0.2373749648298618,-1.1990987637327082,-0.6460454120173882,-0.03055569871878111,0.9015048196048647,-0.1807919099068197,-0.3314695693814341,0.5592956885200012
,1,-0.3117352336089111,-0.8474058128350888,0.07468180913151726,0.7176353756985127,-0.33725226562313193,-0.7725716404392227,-0.09472233218640044,-0.4514302169822558
,1,-0.28115407018977345,0.03765227544201294,-0.716718572617992,0.6750783332446307,-0.25813517819593235,0.3943614470708037,0.19857053794026922,-0.3088003839462202
basketball,1,-0.19819221410779791,-1.324824419414611,-0.07757346746405716,-0.24839880706169332,0.3211736701120893,-0.1267398311846777,-0.27258446377154,0.3454383020933758
,1,-0.5975670559342873,0.12549893864028178,-0.14123202959100298,-0.4556029066972883,-0.24019403034241063,0.32504372303655615,-0.1368390365566486,-0.21525958265616438
,0,1.8199001718974,-0.34555478868447215,0.6894589539611153,0.37136350459807643,-0.2863976513435537,-1.0437867640599097,0.793715944134325,-0.22408596410480153
,1,-0.48879080715768797,-0.0833525261901861,0.15333112435676036,-0.7680819918690651,-0.6775635195262689,0.25308400474431714,-0.154950623925475,0.05540139981331002
,0,1.1574443440580486,1.121360043633641,-0.2947932632540632,-0.023696624569627178,-0.0891646732370883,0.42709768838916756,-0.1685799345452053,-0.33968141143768593
soccer,0,2.035460226713992,-0.7674690970902653,-0.3327586841034496,-0.09203115330088596,-0.3584631787910388,-0.3905762081448436,0.07672653482811068,-0.03521156167269088
baseball,1,-0.5384020972487082,0.21108824267171467,-0.5825984912592554,-0.7131410752023934,0.3710147770913601,-0.35552708625603224,0.4797951013702373,0.9617254067085897
football,1,-0.20295898483231173,-1.0562572776655565,0.36924496307928056,0.40515629052673574,-0.7746217548069902,-0.8445313587314616,-0.11283391955522684,-0.18076923451278143
,1,-0.6963437195284761,0.6690889942490326,0.047970686432130705,0.5352720458551187,-0.29888772047673434,-0.16358252767632298,-0.43592500412929214,0.12744025453041355
cross country,1,-0.16103885124096973,-0.3115398821893603,-0.8387862693821422,0.5669124413667382,0.060616940620779686,-0.262725788308002,-0.08246504508937716,-0.7401469347633604
soccer,1,-0.43780631433353057,-0.4515892005370918,-0.3823287936444888,-0.7108868380509938,1.3729560636305402,-0.5817464398937529,0.18564084761139657,0.6451521713179932
,1,-0.6275150313368697,-0.019271233757153672,0.013647693725229032,-0.5080849693442367,0.9112422845049111,0.20135259249943374,0.5436731236197635,0.5919803532390335
,1,-0.5975670559342873,0.12549893864028178,-0.14123202959100298,-0.4556029066972883,-0.24019403034241063,0.32504372303655615,-0.1368390365566486,-0.21525958265616438
field hockey,1,-0.48879080715768797,-0.0833525261901861,0.15333112435676036,-0.7680819918690651,-0.6775635195262689,0.25308400474431714,-0.154950623925475,0.05540139981331002
basketball,1,-0.6721004843762992,0.43881141756615555,0.6038366322808322,-0.13095746460900165,-0.06332260186125177,-0.5343539128143734,0.4814360490501358,0.16212256209115708
crew,1,-0.6190353234409399,0.1891886327067048,-0.049412375104397305,1.0515114980380358,-0.4384604117046641,-0.06838781754177081,-0.05684212231616556,-0.04986680783094982
,1,-0.42298704424387107,-0.6324142829294797,0.22129250273094478,0.48532102182712966,-0.1778659677949718,-0.7103113352847634,-0.2949923202516319,-0.43681864980730734
football,1,-0.34355644245241534,-0.7095603250911207,0.12704201052448263,0.5253014299346829,-0.23275963269224614,-0.7062042782041598,-0.31234659766431316,-0.2691002009136189
,1,-0.4774518369854836,-0.22369321899109146,-0.26329972635515314,-0.5637687985751807,0.07855808847430143,-0.3320435123422495,-0.417874619586295,-0.6466061334733045
,1,-0.7577934684190721,0.7544781605328403,0.09985611263148961,0.535582197970616,-0.22207975282820128,-0.10327706253439656,-0.3776934452740862,-0.04893501048900609
,1,-0.04165642772748923,-0.7907294585015219,-1.653901993001046,0.5890333664483786,-0.014614603584551272,-0.7452822224994997,-0.23655213194907534,0.7296098109908346
gymnastics,0,1.8014693532307726,-0.6097774216882705,-0.008446959962883999,-0.3226572021525587,-0.47968551423918243,-0.7562901186430839,0.8951694229910149,-0.13713432282839239
soccer,1,-0.5975670559342873,0.12549893864028178,-0.14123202959100298,-0.4556029066972883,-0.24019403034241063,0.32504372303655615,-0.1368390365566486,-0.21525958265616438
cheer,1,-0.681860408170807,0.2820674025280292,0.49262868723098185,0.07755761363760261,-0.28023742773522103,-0.08811334489858341,-0.3348080601799063,-0.004540301648223444
tennis,1,-0.43254673402263316,0.15208680767567168,-1.2118868932599103,-0.19888054348247935,0.49285398566587924,-0.6617127542763435,-0.6820876067043405,0.4010594615946187
,1,-0.22744188137239146,-1.0039742767228361,-0.5591789076904676,0.18447485536362163,-0.29720886823032155,-0.35941457250408304,0.10324669143685719,-0.6621494979901967
cheer,1,-0.11596419719853501,-0.9570952329706992,0.2929545503081804,0.014994792769132681,-0.07047317456434213,0.7684333281554627,0.21022566493642844,0.12102862279058049
,0,1.6751721558890162,0.3679838852597764,0.2648464923951205,-0.5974925304253782,-0.4993036661093194,0.4240009414907803,-0.10371677759935577,0.09487843365893003
,0,1.3226342170492873,0.12661253522092877,0.7148798596721092,-0.6837801650451254,0.0984973303945019,0.8011695694738267,-0.15692480754904609,0.09014759529911479
,0,1.424925751575162,0.27428110766610214,-0.027328571005883165,-0.6340003397623442,0.13327401139736053,-0.29500111227530734,-0.428447763201381,-0.6448950751307112
lacrosse,1,-0.17378987394992734,-0.615272207094034,-0.24831660327341382,-0.39125729083326716,1.0449907526216082,0.022404769061889374,-0.45054634666103277,-0.09552874425799043
netball,1,-0.5279735578797519,0.042373129491716885,-0.4151408201965706,-0.550238883526153,-0.09723237003349333,0.19903192602217512,-0.21383572953536917,0.2692587862399355
,1,-0.6104272798507626,0.25659138219667466,0.48938850164381975,0.03344437465579153,-0.3183931870104645,-0.16828862782006582,-0.3565256909006156,0.07719787663510877
,1,-0.41735767883764363,-0.10882854652154061,0.15009093876959825,-0.8121952308508762,-0.7157192788015124,0.17290872182283473,-0.17666825464618435,0.13713957809664226
tennis,1,-0.48879080715768797,-0.0833525261901861,0.15333112435676036,-0.7680819918690651,-0.6775635195262689,0.25308400474431714,-0.154950623925475,0.05540139981331002
,1,-0.4774518369854836,-0.22369321899109146,-0.26329972635515314,-0.5637687985751807,0.07855808847430143,-0.3320435123422495,-0.417874619586295,-0.6466061334733045
basketball,1,-0.6592402604598239,0.30771897400976267,-0.026783898953990568,-0.6200047459620814,0.014876554806802084,-0.04102156195775142,0.7011227033941028,-0.1303348972001161
tennis,1,-0.35003266217955575,-0.6486420540163216,0.004062636620873444,-0.2521526918016456,-0.8939441784027318,0.2879732497369428,0.16590069903244567,0.05446960247136626
taekwondo,1,-0.5812646252556293,-0.38061004068077736,0.6928983848457484,0.07981185078900221,0.7217038588039594,-0.3143326985363042,-0.628962313938747,-0.3211135370388199
